[
 {
  "ownerId": "vpxd-extension-{machineid}@{domain_name}",
  "serviceNameDefault": "",
  "serviceEndpoints": [
   {
    "endpointType": {
     "type": "com.vmware.cis.authorization.server",
     "protocol": "vmomi"
    },
    "url": "https://{pnid}:443/invsvc/vmomi/sdk",
    "endpointAttributes": [],
    "sslTrust": "{ssltrust}"
   },
   {
    "endpointType": {
     "type": "com.vmware.cis.common.healthstatus",
     "protocol": "rest"
    },
    "url": "https://{pnid}:443/invsvc/authz-health",
    "endpointAttributes": [],
    "sslTrust": "{ssltrust}"
   },
   {
    "endpointType": {
     "type": "com.vmware.cis.authorization",
     "protocol": "http"
    },
    "url": "https://{pnid}:443/invsvc",
    "endpointAttributes": [],
    "sslTrust": "{ssltrust}"
   },
   {
    "endpointType": {
     "type": "com.vmware.cis.common.resourcebundle",
     "protocol": "http"
    },
    "url": "https://{pnid}:443/invsvc/authz-resource",
    "endpointAttributes": [
     {
      "value": "cs.authorization.ResourceBundle",
      "key": "com.vmware.cis.common.resourcebundle.basename"
     }
    ],
    "sslTrust": "{ssltrust}"
   }
  ],
  "serviceType": {
   "product": "com.vmware.cis",
   "type": "cs.authorization"
  },
  "nodeId": "{lduid}",
  "vendorNameResourceKey": "",
  "serviceNameResourceKey": "cs.authorization.servicenameresource",
  "serviceId": "{serviceid}",
  "siteId": "{siteid}",
  "vendorProductInfoDefault": "",
  "serviceDescriptionResourceKey": "cs.authorization.servicedescriptionresource",
  "vendorNameDefault": "",
  "serviceAttributes": [
   {
    "value": "cs",
    "key": "com.vmware.cis.cm.GroupInternalId"
   },
   {
    "value": "service-control-default-vmon",
    "key": "com.vmware.cis.cm.ControlScript"
   },
   {
    "value": "cs.authorization.servicegroupresource",
    "key": "com.vmware.cis.cm.GroupResourceKey"
   },
   {
    "value": "{machineid}",
    "key": "com.vmware.cis.cm.HostId"
   }
  ],
  "serviceVersion": "1.0",
  "serviceDescriptionDefault": "",
  "vendorProductInfoResourceKey": ""
 },
 {
  "ownerId": "vpxd-extension-{machineid}@{domain_name}",
  "serviceNameDefault": "",
  "serviceEndpoints": [
   {
    "endpointType": {
     "type": "com.vmware.cis.common.healthstatus",
     "protocol": "rest"
    },
    "url": "https://{pnid}:443/vsanHealth/health",
    "endpointAttributes": [
     {
      "value": "http://localhost:8006/vsanHealth/health",
      "key": "cis.common.ep.localurl"
     },
     {
      "value": "VMware, Inc",
      "key": "company"
     },
     {
      "value": "noreply@vmware.com",
      "key": "adminEmail"
     }
    ],
    "sslTrust": "{ssltrust}"
   },
   {
    "endpointType": {
     "type": "com.vmware.cis.common.resourcebundle",
     "protocol": "http"
    },
    "url": "https://{pnid}:443/sca/resourcebundle/vsanhealthResourceBundle.zip",
    "endpointAttributes": [
     {
      "value": "vsanhealth.ResourceBundle",
      "key": "com.vmware.cis.common.resourcebundle.basename"
     },
     {
      "value": "VMware, Inc",
      "key": "company"
     },
     {
      "value": "noreply@vmware.com",
      "key": "adminEmail"
     }
    ],
    "sslTrust": "{ssltrust}"
   },
   {
    "endpointType": {
     "type": "com.vmware.vsan-health",
     "protocol": "https"
    },
    "url": "https://{pnid}:443/vsanHealth",
    "endpointAttributes": [
     {
      "value": "http://localhost:80/vsanHealth",
      "key": "cis.common.ep.localurl"
     },
     {
      "value": "VMware, Inc",
      "key": "company"
     },
     {
      "value": "noreply@vmware.com",
      "key": "adminEmail"
     }
    ],
    "sslTrust": "{ssltrust}"
   }
  ],
  "serviceType": {
   "product": "com.vmware.vsan-health",
   "type": "vsan-health"
  },
  "nodeId": "{lduid}",
  "vendorNameResourceKey": "",
  "serviceNameResourceKey": "com.vmware.vsan-health.label",
  "serviceId": "{serviceid}",
  "siteId": "{siteid}",
  "vendorProductInfoDefault": "",
  "serviceDescriptionResourceKey": "com.vmware.vsan-health.summary",
  "vendorNameDefault": "",
  "serviceAttributes": [
   {
    "value": "service-control-default-vmon",
    "key": "com.vmware.cis.cm.ControlScript"
   },
   {
    "value": "{machineid}",
    "key": "com.vmware.cis.cm.HostId"
   }
  ],
  "serviceVersion": "6.0.0",
  "serviceDescriptionDefault": "",
  "vendorProductInfoResourceKey": ""
 },
 {
  "ownerId": "vpxd-extension-{machineid}@{domain_name}",
  "serviceNameDefault": "",
  "serviceEndpoints": [
   {
    "endpointType": {
     "type": "com.vmware.vsandp.dps",
     "protocol": "vmomi"
    },
    "url": "https://{pnid}:443/vsandp",
    "endpointAttributes": [
     {
      "value": "http://localhost:8090/vsandp",
      "key": "cis.common.ep.localurl"
     }
    ],
    "sslTrust": "{ssltrust}"
   }
  ],
  "serviceType": {
   "product": "com.vmware.vsandp.dps",
   "type": "vsan-dps"
  },
  "nodeId": "{lduid}",
  "vendorNameResourceKey": "",
  "serviceNameResourceKey": "",
  "serviceId": "{serviceid}",
  "siteId": "{siteid}",
  "vendorProductInfoDefault": "",
  "serviceDescriptionResourceKey": "",
  "vendorNameDefault": "",
  "serviceAttributes": [
   {
    "value": "service-control-default-vmon",
    "key": "com.vmware.cis.cm.ControlScript"
   },
   {
    "value": "{machineid}",
    "key": "com.vmware.cis.cm.HostId"
   }
  ],
  "serviceVersion": "1.0",
  "serviceDescriptionDefault": "",
  "vendorProductInfoResourceKey": ""
 },
 {
  "ownerId": "vpxd-extension-{machineid}@{domain_name}",
  "serviceNameDefault": "",
  "serviceEndpoints": [
   {
    "endpointType": {
     "type": "com.vmware.cis.common.healthstatus",
     "protocol": "rest"
    },
    "url": "https://{pnid}:443/vsm/healthstatus",
    "endpointAttributes": [
     {
      "value": "http://localhost:15007/vsm/healthstatus",
      "key": "cis.common.ep.localurl"
     }
    ],
    "sslTrust": "{ssltrust}"
   },
   {
    "endpointType": {
     "type": "com.vmware.cis.common.resourcebundle",
     "protocol": "http"
    },
    "url": "https://{pnid}:443/vsm/resourcebundle",
    "endpointAttributes": [
     {
      "value": "http://localhost:15007/vsm/resourcebundle",
      "key": "cis.common.ep.localurl"
     },
     {
      "value": "cis.vsm.ResourceBundle",
      "key": "com.vmware.cis.common.resourcebundle.basename"
     }
    ],
    "sslTrust": "{ssltrust}"
   },
   {
    "endpointType": {
     "type": "com.vmware.cis.cs.vsm.sdk",
     "protocol": "vmomi"
    },
    "url": "https://{pnid}:443/vsm/sdk",
    "endpointAttributes": [
     {
      "value": "http://localhost:15007/vsm/sdk",
      "key": "cis.common.ep.localurl"
     }
    ],
    "sslTrust": "{ssltrust}"
   }
  ],
  "serviceType": {
   "product": "com.vmware.cis",
   "type": "cs.vsm"
  },
  "nodeId": "{lduid}",
  "vendorNameResourceKey": "",
  "serviceNameResourceKey": "cis.vsm.ServiceName",
  "serviceId": "{serviceid}",
  "siteId": "{siteid}",
  "vendorProductInfoDefault": "",
  "serviceDescriptionResourceKey": "cis.vsm.ServiceDescription",
  "vendorNameDefault": "",
  "serviceAttributes": [
   {
    "value": "service-control-default-vmon",
    "key": "com.vmware.cis.cm.ControlScript"
   },
   {
    "value": "cis.vsm.ServiceGroup",
    "key": "com.vmware.cis.cm.GroupResourceKey"
   },
   {
    "value": "{machineid}",
    "key": "com.vmware.cis.cm.HostId"
   }
  ],
  "serviceVersion": "1.0",
  "serviceDescriptionDefault": "",
  "vendorProductInfoResourceKey": ""
 },
 {
  "ownerId": "vpxd-extension@{domain_name}",
  "serviceNameDefault": "",
  "serviceEndpoints": [
   {
    "endpointType": {
     "type": "com.vmware.cis.data.provider",
     "protocol": "vmomi"
    },
    "url": "https://{pnid}:443/vcha/sdk",
    "endpointAttributes": [
     {
      "value": "http://localhost:11080/vcha/sdk",
      "key": "cis.common.ep.localurl"
     }
    ],
    "sslTrust": "{ssltrust}"
   }
  ],
  "serviceType": {
   "product": "com.vmware.cis",
   "type": "vcha"
  },
  "nodeId": "{lduid}",
  "vendorNameResourceKey": "",
  "serviceNameResourceKey": "cis.vcha.ServiceName",
  "serviceId": "{serviceid}",
  "siteId": "{siteid}",
  "vendorProductInfoDefault": "",
  "serviceDescriptionResourceKey": "cis.vcha.ServiceDescription",
  "vendorNameDefault": "",
  "serviceAttributes": [
   {
    "value": "{machineid}",
    "key": "com.vmware.cis.cm.HostId"
   }
  ],
  "serviceVersion": "1.0",
  "serviceDescriptionDefault": "",
  "vendorProductInfoResourceKey": ""
 },
 {
  "ownerId": "vpxd-extension-{machineid}@{domain_name}",
  "serviceNameDefault": "",
  "serviceEndpoints": [
   {
    "endpointType": {
     "type": "com.vmware.vcIntegrity",
     "protocol": "https"
    },
    "url": "https://{pnid}:8084/vci/sdk",
    "endpointAttributes": [
     {
      "value": "VMware, Inc",
      "key": "company"
     },
     {
      "value": "noreply@vmware.com",
      "key": "adminEmail"
     }
    ],
    "sslTrust": "{ssltrust}"
   },
   {
    "endpointType": {
     "type": "com.vmware.cis.vsphereclient.plugin",
     "protocol": "http"
    },
    "url": "https://{pnid}:9087/vci/downloads/vumclient.zip",
    "endpointAttributes": [
     {
      "value": "VMware, Inc",
      "key": "company"
     },
     {
      "value": "noreply@vmware.com",
      "key": "adminEmail"
     }
    ],
    "sslTrust": "{ssltrust}"
   },
   {
    "endpointType": {
     "type": "com.vmware.cis.common.healthstatus",
     "protocol": "rest"
    },
    "url": "http://{pnid}:9084/vci/downloads/health.xml",
    "endpointAttributes": [
     {
      "value": "VMware, Inc",
      "key": "company"
     },
     {
      "value": "noreply@vmware.com",
      "key": "adminEmail"
     }
    ],
    "sslTrust": "{ssltrust}"
   },
   {
    "endpointType": {
     "type": "com.vmware.cis.common.resourcebundle",
     "protocol": "http"
    },
    "url": "https://{pnid}:443/sca/resourcebundle/updatemgrResourceBundle.zip",
    "endpointAttributes": [
     {
      "value": "updatemgr.task:updatemgr.event:updatemgr.fault:updatemgr.extension:updatemgr.auth:updatemgr.locmsg:",
      "key": "com.vmware.cis.common.resourcebundle.basename"
     },
     {
      "value": "VMware, Inc",
      "key": "company"
     },
     {
      "value": "noreply@vmware.com",
      "key": "adminEmail"
     }
    ],
    "sslTrust": "{ssltrust}"
   }
  ],
  "serviceType": {
   "product": "com.vmware.vcIntegrity",
   "type": "vcIntegrity"
  },
  "nodeId": "{lduid}",
  "vendorNameResourceKey": "",
  "serviceNameResourceKey": "",
  "serviceId": "{serviceid}",
  "siteId": "{siteid}",
  "vendorProductInfoDefault": "",
  "serviceDescriptionResourceKey": "",
  "vendorNameDefault": "",
  "serviceAttributes": [],
  "serviceVersion": "6.7.0.42538",
  "serviceDescriptionDefault": "",
  "vendorProductInfoResourceKey": ""
 },
 {
  "ownerId": "vsphere-webclient-{machineid}@{domain_name}",
  "serviceNameDefault": "",
  "serviceEndpoints": [
   {
    "endpointType": {
     "type": "com.vmware.cis.common.healthstatus",
     "protocol": "rest"
    },
    "url": "https://{pnid}:443/statsreport/healthstatus",
    "endpointAttributes": [
     {
      "value": "http://localhost:13080/statsreport/healthstatus",
      "key": "cis.common.ep.localurl"
     }
    ],
    "sslTrust": "{ssltrust}"
   },
   {
    "endpointType": {
     "type": "com.vmware.cis.common.resourcebundle",
     "protocol": "http"
    },
    "url": "https://{pnid}:443/statsreport/resourcebundle",
    "endpointAttributes": [
     {
      "value": "http://localhost:13080/statsreport/resourcebundle",
      "key": "cis.common.ep.localurl"
     },
     {
      "value": "com.vmware.vim.stats.webui.health.resources.ResourceBundle",
      "key": "com.vmware.cis.common.resourcebundle.basename"
     }
    ],
    "sslTrust": "{ssltrust}"
   },
   {
    "endpointType": {
     "type": "com.vmware.perfcharts.entry.url",
     "protocol": "http"
    },
    "url": "https://{pnid}:443/statsreport/vicr.do",
    "endpointAttributes": [
     {
      "value": "http://localhost:13080/statsreport/vicr.do",
      "key": "cis.common.ep.localurl"
     }
    ],
    "sslTrust": "{ssltrust}"
   },
   {
    "endpointType": {
     "type": "com.vmware.vcenter.stats.topn",
     "protocol": "vapi.json.https"
    },
    "url": "https://{pnid}:443/statsreport/topn",
    "endpointAttributes": [
     {
      "value": "http://localhost:13080/statsreport/topn",
      "key": "cis.common.ep.localurl"
     },
     {
      "value": "/usr/lib/vmware-perfcharts/tc-instance/webapps/statsreport/WEB-INF/classes/metadata/com.vmware.vcenter.stats.topn_authentication.json",
      "key": "com.vmware.vapi.metadata.authentication.file.topn"
     },
     {
      "value": "/usr/lib/vmware-perfcharts/tc-instance/webapps/statsreport/WEB-INF/classes/metadata/com.vmware.vcenter.stats.topn_routing.json",
      "key": "com.vmware.vapi.metadata.routing.file.topn"
     },
     {
      "value": "/usr/lib/vmware-perfcharts/tc-instance/webapps/statsreport/WEB-INF/classes/metadata/com.vmware.vcenter.stats.topn_metamodel.json",
      "key": "com.vmware.vapi.metadata.metamodel.file.topn"
     },
     {
      "value": "/usr/lib/vmware-perfcharts/tc-instance/webapps/statsreport/WEB-INF/classes/metadata/com.vmware.vcenter.stats.topn_cli.json",
      "key": "com.vmware.vapi.metadata.cli.file.topn"
     }
    ],
    "sslTrust": "{ssltrust}"
   }
  ],
  "serviceType": {
   "product": "com.vmware.cis",
   "type": "cs.perfcharts"
  },
  "nodeId": "{lduid}",
  "vendorNameResourceKey": "",
  "serviceNameResourceKey": "cis.perfcharts.ServiceName",
  "serviceId": "{serviceid}",
  "siteId": "{siteid}",
  "vendorProductInfoDefault": "",
  "serviceDescriptionResourceKey": "cis.perfcharts.ServiceDescription",
  "vendorNameDefault": "",
  "serviceAttributes": [
   {
    "value": "com.vmware.cis.perfcharts",
    "key": "com.vmware.cis.cm.GroupInternalId"
   },
   {
    "value": "service-control-default-vmon",
    "key": "com.vmware.cis.cm.ControlScript"
   },
   {
    "value": "{machineid}",
    "key": "com.vmware.cis.cm.HostId"
   }
  ],
  "serviceVersion": "1.1",
  "serviceDescriptionDefault": "",
  "vendorProductInfoResourceKey": ""
 },
 {
  "ownerId": "vpxd-extension-{machineid}@{domain_name}",
  "serviceNameDefault": "",
  "serviceEndpoints": [
   {
    "endpointType": {
     "type": "com.vmware.cis.kv.server",
     "protocol": "vmomi"
    },
    "url": "https://{pnid}:443/invsvc/vmomi/sdk",
    "endpointAttributes": [],
    "sslTrust": "{ssltrust}"
   },
   {
    "endpointType": {
     "type": "com.vmware.cis.common.healthstatus",
     "protocol": "rest"
    },
    "url": "https://{pnid}:443/invsvc/kv-health",
    "endpointAttributes": [],
    "sslTrust": "{ssltrust}"
   },
   {
    "endpointType": {
     "type": "com.vmware.cis.kv.client",
     "protocol": "http"
    },
    "url": "https://{pnid}:443/invsvc",
    "endpointAttributes": [
     {
      "value": "http://localhost:10080/invsvc",
      "key": "cis.common.ep.localurl"
     }
    ],
    "sslTrust": "{ssltrust}"
   },
   {
    "endpointType": {
     "type": "com.vmware.cis.common.resourcebundle",
     "protocol": "http"
    },
    "url": "https://{pnid}:443/invsvc/kv-resource",
    "endpointAttributes": [
     {
      "value": "cs.keyvalue.ResourceBundle",
      "key": "com.vmware.cis.common.resourcebundle.basename"
     }
    ],
    "sslTrust": "{ssltrust}"
   }
  ],
  "serviceType": {
   "product": "com.vmware.cis",
   "type": "cs.keyvalue"
  },
  "nodeId": "{lduid}",
  "vendorNameResourceKey": "",
  "serviceNameResourceKey": "cs.keyvalue.servicenameresource",
  "serviceId": "{serviceid}",
  "siteId": "{siteid}",
  "vendorProductInfoDefault": "",
  "serviceDescriptionResourceKey": "cs.keyvalue.servicedescriptionresource",
  "vendorNameDefault": "",
  "serviceAttributes": [
   {
    "value": "cs",
    "key": "com.vmware.cis.cm.GroupInternalId"
   },
   {
    "value": "service-control-default-vmon",
    "key": "com.vmware.cis.cm.ControlScript"
   },
   {
    "value": "cs.keyvalue.servicegroupresource",
    "key": "com.vmware.cis.cm.GroupResourceKey"
   },
   {
    "value": "{machineid}",
    "key": "com.vmware.cis.cm.HostId"
   }
  ],
  "serviceVersion": "1.0",
  "serviceDescriptionDefault": "",
  "vendorProductInfoResourceKey": ""
 },
 {
  "ownerId": "vpxd-extension-{machineid}@{domain_name}",
  "serviceNameDefault": "",
  "serviceEndpoints": [
   {
    "endpointType": {
     "type": "com.vmware.cis.cs.eam.sdk",
     "protocol": "vmomi"
    },
    "url": "https://{pnid}:443/eam/sdk",
    "endpointAttributes": [
     {
      "value": "http://localhost:15005/eam/sdk",
      "key": "cis.common.ep.localurl"
     }
    ],
    "sslTrust": "{ssltrust}"
   },
   {
    "endpointType": {
     "type": "com.vmware.cis.common.resourcebundle",
     "protocol": "http"
    },
    "url": "https://{pnid}:443/eam/resourcebundle.jar",
    "endpointAttributes": [
     {
      "value": "http://localhost:15005/eam/resourcebundle.jar",
      "key": "cis.common.ep.localurl"
     },
     {
      "value": "cis.eam.ResourceBundle",
      "key": "com.vmware.cis.common.resourcebundle.basename"
     }
    ],
    "sslTrust": "{ssltrust}"
   },
   {
    "endpointType": {
     "type": "com.vmware.cis.common.healthstatus",
     "protocol": "rest"
    },
    "url": "https://{pnid}:443/eam/healthstatus",
    "endpointAttributes": [
     {
      "value": "http://localhost:15005/eam/healthstatus",
      "key": "cis.common.ep.localurl"
     }
    ],
    "sslTrust": "{ssltrust}"
   }
  ],
  "serviceType": {
   "product": "com.vmware.cis",
   "type": "cs.eam"
  },
  "nodeId": "{lduid}",
  "vendorNameResourceKey": "",
  "serviceNameResourceKey": "cis.eam.ServiceName",
  "serviceId": "{serviceid}",
  "siteId": "{siteid}",
  "vendorProductInfoDefault": "",
  "serviceDescriptionResourceKey": "cis.eam.ServiceDescription",
  "vendorNameDefault": "",
  "serviceAttributes": [
   {
    "value": "service-control-default-vmon",
    "key": "com.vmware.cis.cm.ControlScript"
   },
   {
    "value": "cis.eam.ServiceGroup",
    "key": "com.vmware.cis.cm.GroupResourceKey"
   },
   {
    "value": "{machineid}",
    "key": "com.vmware.cis.cm.HostId"
   }
  ],
  "serviceVersion": "1.0",
  "serviceDescriptionDefault": "",
  "vendorProductInfoResourceKey": ""
 },
 {
  "ownerId": "vpxd-extension-{machineid}@{domain_name}",
  "serviceNameDefault": "",
  "serviceEndpoints": [
   {
    "endpointType": {
     "type": "com.vmware.cis.common.healthstatus",
     "protocol": "rest"
    },
    "url": "https://{pnid}:443/MBCS/HealthStatus",
    "endpointAttributes": [
     {
      "value": "http://localhost:10201/MBCS/HealthStatus",
      "key": "cis.common.ep.localurl"
     }
    ],
    "sslTrust": "{ssltrust}"
   },
   {
    "endpointType": {
     "type": "com.vmware.cis.common.resourcebundle",
     "protocol": "http"
    },
    "url": "https://{pnid}:443/sca/resourcebundle/mbcs-resourcebundle-1.0.0.jar",
    "endpointAttributes": [
     {
      "value": "cis.mbcs.ResourceBundle",
      "key": "com.vmware.cis.common.resourcebundle.basename"
     }
    ],
    "sslTrust": "{ssltrust}"
   }
  ],
  "serviceType": {
   "product": "com.vmware.cis",
   "type": "messagebus.config"
  },
  "nodeId": "{lduid}",
  "vendorNameResourceKey": "",
  "serviceNameResourceKey": "cis.mbcs.serviceName",
  "serviceId": "{serviceid}",
  "siteId": "{siteid}",
  "vendorProductInfoDefault": "",
  "serviceDescriptionResourceKey": "cis.mbcs.serviceDescription",
  "vendorNameDefault": "",
  "serviceAttributes": [
   {
    "value": "com.vmware.cis.mbcs",
    "key": "com.vmware.cis.cm.GroupInternalId"
   },
   {
    "value": "service-control-default-vmon",
    "key": "com.vmware.cis.cm.ControlScript"
   },
   {
    "value": "cis.mbcs.serviceGroup",
    "key": "com.vmware.cis.cm.GroupResourceKey"
   },
   {
    "value": "{machineid}",
    "key": "com.vmware.cis.cm.HostId"
   }
  ],
  "serviceVersion": "1.0",
  "serviceDescriptionDefault": "",
  "vendorProductInfoResourceKey": ""
 },
 {
  "ownerId": "machine-{machineid}@{domain_name}",
  "serviceNameDefault": "",
  "serviceEndpoints": [
   {
    "endpointType": {
     "type": "com.vmware.topology.vapi",
     "protocol": "vapi.json.https"
    },
    "url": "https://{pnid}:443/topologysvc",
    "endpointAttributes": [
     {
      "value": "http://localhost:10098/topologysvc",
      "key": "cis.common.ep.localurl"
     },
     {
      "value": "/usr/lib/vmware-topologysvc/config/metadata/topologysvc_metamodel.json",
      "key": "com.vmware.vapi.metadata.metamodel.file.topologysvc"
     },
     {
      "value": "/usr/lib/vmware-topologysvc/config/metadata/topologysvc_cli.json",
      "key": "com.vmware.vapi.metadata.cli.file.topologysvc"
     },
     {
      "value": "/usr/lib/vmware-topologysvc/config/metadata/topologysvc_authentication.json",
      "key": "com.vmware.vapi.metadata.authentication.file.topologysvc"
     },
     {
      "value": "/usr/lib/vmware-topologysvc/config/metadata/topologysvc_authorization.json",
      "key": "com.vmware.vapi.metadata.authorization.file.topologysvc"
     },
     {
      "value": "/usr/lib/vmware-topologysvc/config/metadata/topologysvc_routing.json",
      "key": "com.vmware.vapi.metadata.routing.file.topologysvc"
     }
    ],
    "sslTrust": "{ssltrust}"
   },
   {
    "endpointType": {
     "type": "com.vmware.cis.common.resourcebundle",
     "protocol": "http"
    },
    "url": "https://{pnid}:443/sca/resourcebundle/topologysvc-resource-bundle.zip",
    "endpointAttributes": [
     {
      "value": "vcenter.topologysvc.ResourceBundle",
      "key": "com.vmware.cis.common.resourcebundle.basename"
     }
    ],
    "sslTrust": "{ssltrust}"
   }
  ],
  "serviceType": {
   "product": "com.vmware.vcenter.topology",
   "type": "topologysvc"
  },
  "nodeId": "{lduid}",
  "vendorNameResourceKey": "",
  "serviceNameResourceKey": "com.vmware.vcenter.topology.servicenameresource",
  "serviceId": "{serviceid}",
  "siteId": "{siteid}",
  "vendorProductInfoDefault": "",
  "serviceDescriptionResourceKey": "com.vmware.vcenter.topology.servicedescriptionresource",
  "vendorNameDefault": "",
  "serviceAttributes": [
   {
    "value": "service-control-default-vmon",
    "key": "com.vmware.cis.cm.ControlScript"
   },
   {
    "value": "{machineid}",
    "key": "com.vmware.cis.cm.HostId"
   }
  ],
  "serviceVersion": "1.0",
  "serviceDescriptionDefault": "",
  "vendorProductInfoResourceKey": ""
 },
 {
  "ownerId": "vpxd-{machineid}@{domain_name}",
  "serviceNameDefault": "",
  "serviceEndpoints": [
   {
    "endpointType": {
     "type": "com.vmware.cis.common.resourcebundle",
     "protocol": "https"
    },
    "url": "https://{pnid}:443/catalog/com.vmware.vsphere.client_catalog.zip",
    "endpointAttributes": [
     {
      "value": "cis.vcextension.com_vmware_vsphere_client.ResourceBundle",
      "key": "com.vmware.cis.common.resourcebundle.basename"
     }
    ],
    "sslTrust": []
   }
  ],
  "serviceType": {
   "product": "com.vmware.cis",
   "type": "com.vmware.vsphere.client"
  },
  "nodeId": "",
  "vendorNameResourceKey": "",
  "serviceNameResourceKey": "com.vmware.vsphere.client.label",
  "serviceId": "{vcserviceid}_com.vmware.vsphere.client",
  "siteId": "{siteid}",
  "vendorProductInfoDefault": "",
  "serviceDescriptionResourceKey": "com.vmware.vsphere.client.summary",
  "vendorNameDefault": "",
  "serviceAttributes": [],
  "serviceVersion": "1.1.0",
  "serviceDescriptionDefault": "",
  "vendorProductInfoResourceKey": ""
 },
 {
  "ownerId": "vsphere-webclient-{machineid}@{domain_name}",
  "serviceNameDefault": "",
  "serviceEndpoints": [
   {
    "endpointType": {
     "type": "com.vmware.cis.client",
     "protocol": "http"
    },
    "url": "https://{pnid}:443/vsphere-client",
    "endpointAttributes": [
     {
      "value": "http://localhost:9090/vsphere-client",
      "key": "cis.common.ep.localurl"
     }
    ],
    "sslTrust": "{ssltrust}"
   },
   {
    "endpointType": {
     "type": "com.vmware.cis.common.healthstatus",
     "protocol": "rest"
    },
    "url": "https://{pnid}:443/vsphere-client/healthstatus",
    "endpointAttributes": [
     {
      "value": "http://localhost:9090/vsphere-client/healthstatus",
      "key": "cis.common.ep.localurl"
     }
    ],
    "sslTrust": "{ssltrust}"
   },
   {
    "endpointType": {
     "type": "com.vmware.cis.common.resourcebundle",
     "protocol": "rest"
    },
    "url": "https://{pnid}:443/vsphere-client/resourcebundle",
    "endpointAttributes": [
     {
      "value": "http://localhost:9090/vsphere-client/resourcebundle",
      "key": "cis.common.ep.localurl"
     },
     {
      "value": "cis.vsphereclient.ResourceBundle",
      "key": "com.vmware.cis.common.resourcebundle.basename"
     },
     {
      "value": "60500000",
      "key": "com.vmware.cis.common.resourcebundle.version"
     }
    ],
    "sslTrust": "{ssltrust}"
   },
   {
    "endpointType": {
     "type": "com.vmware.suite.ui.vsphere",
     "protocol": "suite"
    },
    "url": "https://{pnid}:443/vsphere-client/",
    "endpointAttributes": [
     {
      "value": "1",
      "key": "com.vmware.suite.ui.menuOrder"
     },
     {
      "value": "http://localhost:9090/vsphere-client/",
      "key": "cis.common.ep.localurl"
     },
     {
      "value": "/vsphere-client/?location=suite",
      "key": "com.vmware.suite.ui.hostedPath"
     },
     {
      "value": "vsphere-client",
      "key": "com.vmware.suite.ui.applicationId"
     },
     {
      "value": "/vsphere-client/assets/suiteui/",
      "key": "com.vmware.suite.ui.hostedIconDirectory"
     },
     {
      "value": "com.vmware.vsphereclient.suiteui.menulabel",
      "key": "com.vmware.suite.ui.menuLabel"
     }
    ],
    "sslTrust": "{ssltrust}"
   }
  ],
  "serviceType": {
   "product": "com.vmware.cis",
   "type": "vsphereclient"
  },
  "nodeId": "{lduid}",
  "vendorNameResourceKey": "",
  "serviceNameResourceKey": "cis.vsphere-client.ServiceName",
  "serviceId": "{serviceid}",
  "siteId": "{siteid}",
  "vendorProductInfoDefault": "",
  "serviceDescriptionResourceKey": "cis.vsphere-client.ServiceDescription",
  "vendorNameDefault": "",
  "serviceAttributes": [
   {
    "value": "com.vmware.vsphereclient",
    "key": "com.vmware.cis.cm.GroupInternalId"
   },
   {
    "value": "com.vmware.vsphereclient.servicegroupresourcekey",
    "key": "com.vmware.cis.cm.GroupResourceKey"
   },
   {
    "value": "{machineid}",
    "key": "com.vmware.cis.cm.HostId"
   }
  ],
  "serviceVersion": "6.5.0",
  "serviceDescriptionDefault": "",
  "vendorProductInfoResourceKey": ""
 },
 {
  "ownerId": "machine-{machineid}@{domain_name}",
  "serviceNameDefault": "",
  "serviceEndpoints": [
   {
    "endpointType": {
     "type": "com.vmware.cis.cm.componentmanager",
     "protocol": "vmomi"
    },
    "url": "https://{pnid}:443/cm/sdk",
    "endpointAttributes": [
     {
      "value": "http://localhost:18090/cm/sdk",
      "key": "cis.common.ep.localurl"
     }
    ],
    "sslTrust": "{ssltrust}"
   }
  ],
  "serviceType": {
   "product": "com.vmware.cis",
   "type": "cs.componentmanager"
  },
  "nodeId": "{lduid}",
  "vendorNameResourceKey": "",
  "serviceNameResourceKey": "",
  "serviceId": "{serviceid}",
  "siteId": "{siteid}",
  "vendorProductInfoDefault": "",
  "serviceDescriptionResourceKey": "",
  "vendorNameDefault": "",
  "serviceAttributes": [
   {
    "value": "{machineid}",
    "key": "com.vmware.cis.cm.HostId"
   }
  ],
  "serviceVersion": "1.0",
  "serviceDescriptionDefault": "",
  "vendorProductInfoResourceKey": ""
 },
 {
  "ownerId": "vpxd-extension-{machineid}@{domain_name}",
  "serviceNameDefault": "",
  "serviceEndpoints": [
   {
    "endpointType": {
     "type": "com.vmware.cis.common.resourcebundle",
     "protocol": "http"
    },
    "url": "https://{pnid}:443/analytics/resourcebundle",
    "endpointAttributes": [
     {
      "value": "http://localhost:15080/analytics/resourcebundle",
      "key": "cis.common.ep.localurl"
     },
     {
      "value": "ph.phservice.ResourceBundle",
      "key": "com.vmware.cis.common.resourcebundle.basename"
     }
    ],
    "sslTrust": "{ssltrust}"
   },
   {
    "endpointType": {
     "type": "telemetry.send",
     "protocol": "https"
    },
    "url": "http://localhost:15080/analytics/telemetry/ph/api/hyper/send",
    "endpointAttributes": [],
    "sslTrust": "{ssltrust}"
   },
   {
    "endpointType": {
     "type": "com.vmware.cis.common.healthstatus",
     "protocol": "rest"
    },
    "url": "https://{pnid}:443/analytics/healthstatus",
    "endpointAttributes": [
     {
      "value": "http://localhost:15080/analytics/healthstatus",
      "key": "cis.common.ep.localurl"
     }
    ],
    "sslTrust": "{ssltrust}"
   },
   {
    "endpointType": {
     "type": "com.vmware.phstg.api",
     "protocol": "https"
    },
    "url": "https://{pnid}:443/analytics/ph-stg/api/*",
    "endpointAttributes": [],
    "sslTrust": "{ssltrust}"
   },
   {
    "endpointType": {
     "type": "com.vmware.ph.api",
     "protocol": "https"
    },
    "url": "https://{pnid}:443/analytics/ph/api/*",
    "endpointAttributes": [],
    "sslTrust": "{ssltrust}"
   },
   {
    "endpointType": {
     "type": "telemetry.send.stage",
     "protocol": "https"
    },
    "url": "http://localhost:15080/analytics/telemetry/ph-stg/api/hyper/send",
    "endpointAttributes": [],
    "sslTrust": "{ssltrust}"
   },
   {
    "endpointType": {
     "type": "com.vmware.ph.ceip.api.state",
     "protocol": "https"
    },
    "url": "https://{pnid}:443/analytics/ceip/api/state",
    "endpointAttributes": [
     {
      "value": "http://localhost:15080/analytics/ceip/api/state",
      "key": "cis.common.ep.localurl"
     }
    ],
    "sslTrust": "{ssltrust}"
   },
   {
    "endpointType": {
     "type": "com.vmware.ph.cloudhealth.sdk",
     "protocol": "vmomi"
    },
    "url": "https://{pnid}:443/analytics/cloudhealth/sdk",
    "endpointAttributes": [
     {
      "value": "http://localhost:15080/analytics/cloudhealth/sdk",
      "key": "cis.common.ep.localurl"
     }
    ],
    "sslTrust": "{ssltrust}"
   },
   {
    "endpointType": {
     "type": "com.vmware.ph.ceip.sdk",
     "protocol": "vmomi"
    },
    "url": "https://{pnid}:443/analytics/ceip/sdk",
    "endpointAttributes": [
     {
      "value": "http://localhost:15080/analytics/ceip/sdk",
      "key": "cis.common.ep.localurl"
     }
    ],
    "sslTrust": "{ssltrust}"
   },
   {
    "endpointType": {
     "type": "telemetry.level",
     "protocol": "https"
    },
    "url": "https://{pnid}:443/analytics/telemetry/ph/api/level",
    "endpointAttributes": [
     {
      "value": "http://localhost:15080/analytics/telemetry/ph/api/level",
      "key": "cis.common.ep.localurl"
     }
    ],
    "sslTrust": "{ssltrust}"
   },
   {
    "endpointType": {
     "type": "telemetry.level.stage",
     "protocol": "https"
    },
    "url": "https://{pnid}:443/analytics/telemetry/ph-stg/api/level",
    "endpointAttributes": [
     {
      "value": "http://localhost:15080/analytics/telemetry/ph-stg/api/level",
      "key": "cis.common.ep.localurl"
     }
    ],
    "sslTrust": "{ssltrust}"
   }
  ],
  "serviceType": {
   "product": "com.vmware.ph",
   "type": "phservice"
  },
  "nodeId": "{lduid}",
  "vendorNameResourceKey": "",
  "serviceNameResourceKey": "cis.analytics.ServiceName",
  "serviceId": "{serviceid}",
  "siteId": "{siteid}",
  "vendorProductInfoDefault": "",
  "serviceDescriptionResourceKey": "cis.analytics.ServiceDescription",
  "vendorNameDefault": "",
  "serviceAttributes": [
   {
    "value": "service-control-default-vmon",
    "key": "com.vmware.cis.cm.ControlScript"
   },
   {
    "value": "cis.analytics.ServiceGroup",
    "key": "com.vmware.cis.cm.GroupResourceKey"
   },
   {
    "value": "{machineid}",
    "key": "com.vmware.cis.cm.HostId"
   }
  ],
  "serviceVersion": "6.7.0",
  "serviceDescriptionDefault": "",
  "vendorProductInfoResourceKey": ""
 },
 {
  "ownerId": "machine-{machineid}@{domain_name}",
  "serviceNameDefault": "",
  "serviceEndpoints": [
   {
    "endpointType": {
     "type": "com.vmware.certificatemanagement.vapi",
     "protocol": "vapi.json.https"
    },
    "url": "https://{pnid}:443/certificatemanagement",
    "endpointAttributes": [
     {
      "value": "http://localhost:10096/certificatemanagement",
      "key": "cis.common.ep.localurl"
     },
     {
      "value": "/usr/lib/vmware-certificatemanagement/config/metadata/com.vmware.vcenter_cli.json",
      "key": "com.vmware.vapi.metadata.cli.file.certificatemanagement"
     },
     {
      "value": "/usr/lib/vmware-certificatemanagement/config/metadata/com.vmware.vcenter_authorization.json",
      "key": "com.vmware.vapi.metadata.authorization.file.certificatemanagement"
     },
     {
      "value": "/usr/lib/vmware-certificatemanagement/config/metadata/com.vmware.vcenter_routing.json",
      "key": "com.vmware.vapi.metadata.routing.file.certificatemanagement"
     },
     {
      "value": "/usr/lib/vmware-certificatemanagement/config/metadata/com.vmware.vcenter_metamodel.json",
      "key": "com.vmware.vapi.metadata.metamodel.file.certificatemanagement"
     },
     {
      "value": "/usr/lib/vmware-certificatemanagement/config/metadata/com.vmware.vcenter_authentication.json",
      "key": "com.vmware.vapi.metadata.authentication.file.certificatemanagement"
     }
    ],
    "sslTrust": "{ssltrust}"
   },
   {
    "endpointType": {
     "type": "com.vmware.cis.common.resourcebundle",
     "protocol": "http"
    },
    "url": "https://{pnid}:443/sca/resourcebundle/certificatemanagement-resource-bundle.zip",
    "endpointAttributes": [
     {
      "value": "vcenter.certificatemanagement.ResourceBundle",
      "key": "com.vmware.cis.common.resourcebundle.basename"
     }
    ],
    "sslTrust": "{ssltrust}"
   }
  ],
  "serviceType": {
   "product": "com.vmware.certificatemanagement",
   "type": "certificatemanagement"
  },
  "nodeId": "{lduid}",
  "vendorNameResourceKey": "",
  "serviceNameResourceKey": "com.vmware.vcenter.certificatemanagement.servicenameresource",
  "serviceId": "{serviceid}",
  "siteId": "{siteid}",
  "vendorProductInfoDefault": "",
  "serviceDescriptionResourceKey": "com.vmware.vcenter.certificatemanagement.servicedescriptionresource",
  "vendorNameDefault": "",
  "serviceAttributes": [
   {
    "value": "service-control-default-vmon",
    "key": "com.vmware.cis.cm.ControlScript"
   },
   {
    "value": "{machineid}",
    "key": "com.vmware.cis.cm.HostId"
   }
  ],
  "serviceVersion": "1.0",
  "serviceDescriptionDefault": "",
  "vendorProductInfoResourceKey": ""
 },
 {
  "ownerId": "vpxd-extension-{machineid}@{domain_name}",
  "serviceNameDefault": "",
  "serviceEndpoints": [
   {
    "endpointType": {
     "type": "com.vmware.cis.common.healthstatus",
     "protocol": "rest"
    },
    "url": "https://{pnid}:443/vmw/imagebuilder/httpd/healthstatus",
    "endpointAttributes": [
     {
      "value": "http://localhost:8099/vmw/imagebuilder/httpd/healthstatus",
      "key": "cis.common.ep.localurl"
     },
     {
      "value": "VMware, Inc",
      "key": "company"
     },
     {
      "value": "noreply@vmware.com",
      "key": "adminEmail"
     }
    ],
    "sslTrust": "{ssltrust}"
   },
   {
    "endpointType": {
     "type": "com.vmware.imagebuilder",
     "protocol": "https"
    },
    "url": "https://{pnid}:443/vmw/imagebuilder/vmomi",
    "endpointAttributes": [
     {
      "value": "http://localhost:8098/vmw/imagebuilder/vmomi",
      "key": "cis.common.ep.localurl"
     },
     {
      "value": "VMware, Inc",
      "key": "company"
     },
     {
      "value": "noreply@vmware.com",
      "key": "adminEmail"
     }
    ],
    "sslTrust": "{ssltrust}"
   },
   {
    "endpointType": {
     "type": "com.vmware.cis.vsphereclient.plugin",
     "protocol": "http"
    },
    "url": "https://{pnid}:443/vmw/imagebuilder/httpd/autodeploy-modules-plugins.zip",
    "endpointAttributes": [
     {
      "value": "http://localhost:8099/vmw/imagebuilder/httpd/autodeploy-modules-plugins.zip",
      "key": "cis.common.ep.localurl"
     },
     {
      "value": "VMware, Inc",
      "key": "company"
     },
     {
      "value": "noreply@vmware.com",
      "key": "adminEmail"
     }
    ],
    "sslTrust": "{ssltrust}"
   },
   {
    "endpointType": {
     "type": "com.vmware.cis.common.resourcebundle",
     "protocol": "http"
    },
    "url": "https://{pnid}:443/sca/resourcebundle/imagebuilderResourceBundle.zip",
    "endpointAttributes": [
     {
      "value": "imagebuilder.ResourceBundle",
      "key": "com.vmware.cis.common.resourcebundle.basename"
     },
     {
      "value": "VMware, Inc",
      "key": "company"
     },
     {
      "value": "noreply@vmware.com",
      "key": "adminEmail"
     }
    ],
    "sslTrust": "{ssltrust}"
   },
   {
    "endpointType": {
     "type": "com.vmware.imagebuilder.upload-depot",
     "protocol": "https"
    },
    "url": "https://{pnid}:443/vmw/imagebuilder/httpd/upload-depot",
    "endpointAttributes": [
     {
      "value": "http://localhost:8099/vmw/imagebuilder/httpd/upload-depot",
      "key": "cis.common.ep.localurl"
     },
     {
      "value": "VMware, Inc",
      "key": "company"
     },
     {
      "value": "noreply@vmware.com",
      "key": "adminEmail"
     }
    ],
    "sslTrust": "{ssltrust}"
   }
  ],
  "serviceType": {
   "product": "com.vmware.imagebuilder",
   "type": "imagebuilder"
  },
  "nodeId": "{lduid}",
  "vendorNameResourceKey": "",
  "serviceNameResourceKey": "com.vmware.imagebuilder.label",
  "serviceId": "{serviceid}",
  "siteId": "{siteid}",
  "vendorProductInfoDefault": "",
  "serviceDescriptionResourceKey": "com.vmware.imagebuilder.summary",
  "vendorNameDefault": "",
  "serviceAttributes": [
   {
    "value": "service-control-default-vmon",
    "key": "com.vmware.cis.cm.ControlScript"
   },
   {
    "value": "{machineid}",
    "key": "com.vmware.cis.cm.HostId"
   }
  ],
  "serviceVersion": "6.7",
  "serviceDescriptionDefault": "",
  "vendorProductInfoResourceKey": ""
 },
 {
  "ownerId": "vpxd-extension-{machineid}@{domain_name}",
  "serviceNameDefault": "",
  "serviceEndpoints": [
   {
    "endpointType": {
     "type": "com.vmware.cis.data.provider",
     "protocol": "vapi.json.https"
    },
    "url": "https://{pnid}:443/cls/",
    "endpointAttributes": [
     {
      "value": "http://localhost:16666/cls/",
      "key": "cis.common.ep.localurl"
     }
    ],
    "sslTrust": "{ssltrust}"
   },
   {
    "endpointType": {
     "type": "com.vmware.cis.cls.vapi.https",
     "protocol": "vapi.json.https"
    },
    "url": "https://{pnid}:443/cls/",
    "endpointAttributes": [
     {
      "value": "/etc/vmware-content-library/metadata/vdcs/com.vmware.vcenter.inventory_routing.json",
      "key": "com.vmware.vapi.metadata.routing.file.com.vmware.vcenter.inventory"
     },
     {
      "value": "/etc/vmware-content-library/metadata/ts/com.vmware.transfer_authorization.json",
      "key": "com.vmware.vapi.metadata.privilege.file.com.vmware.transfer"
     },
     {
      "value": "/etc/vmware-content-library/metadata/vdcs/com.vmware.vcenter.ovf_routing.json",
      "key": "com.vmware.vapi.metadata.routing.file.com.vmware.vcenter.ovf"
     },
     {
      "value": "/etc/vmware-content-library/metadata/vmtx/com.vmware.vcenter.vm_template_authentication.json",
      "key": "com.vmware.vapi.metadata.authentication.file.com.vmware.vcenter.vm"
     },
     {
      "value": "/etc/vmware-content-library/metadata/iso/com.vmware.vcenter.iso_metamodel.json",
      "key": "com.vmware.vapi.metadata.metamodel.file.com.vmware.vcenter.iso"
     },
     {
      "value": "/etc/vmware-content-library/metadata/vdcs/com.vmware.vcenter.inventory_metamodel.json",
      "key": "com.vmware.vapi.metadata.metamodel.file.com.vmware.vcenter.inventory"
     },
     {
      "value": "/etc/vmware-content-library/metadata/cls/com.vmware.content_cli.json",
      "key": "com.vmware.vapi.metadata.cli.file.com.vmware.content"
     },
     {
      "value": "/etc/vmware-content-library/metadata/vdcs/com.vmware.vcenter.ovf_authentication.json",
      "key": "com.vmware.vapi.metadata.authentication.file.com.vmware.vcenter.ovf"
     },
     {
      "value": "/etc/vmware-content-library/metadata/vdcs/com.vmware.vcenter.ovf_authorization.json",
      "key": "com.vmware.vapi.metadata.privilege.file.com.vmware.vcenter.ovf"
     },
     {
      "value": "/etc/vmware-content-library/metadata/vdcs/com.vmware.vcenter.inventory_authentication.json",
      "key": "com.vmware.vapi.metadata.authentication.file.com.vmware.vcenter.inventory"
     },
     {
      "value": "/etc/vmware-content-library/metadata/ts/com.vmware.transfer_routing.json",
      "key": "com.vmware.vapi.metadata.routing.file.com.vmware.transfer"
     },
     {
      "value": "/etc/vmware-content-library/metadata/cls/com.vmware.content_routing.json",
      "key": "com.vmware.vapi.metadata.routing.file.com.vmware.content"
     },
     {
      "value": "/etc/vmware-content-library/metadata/vmtx/com.vmware.vcenter.vm_template_authorization.json",
      "key": "com.vmware.vapi.metadata.privilege.file.com.vmware.vcenter.vm"
     },
     {
      "value": "/etc/vmware-content-library/metadata/vdcs/com.vmware.vcenter.ovf_cli.json",
      "key": "com.vmware.vapi.metadata.cli.file.com.vmware.vcenter.ovf"
     },
     {
      "value": "/etc/vmware-content-library/metadata/ts/com.vmware.transfer_metamodel.json",
      "key": "com.vmware.vapi.metadata.metamodel.file.com.vmware.transfer"
     },
     {
      "value": "/etc/vmware-content-library/metadata/vdcs/com.vmware.vcenter.inventory_cli.json",
      "key": "com.vmware.vapi.metadata.cli.file.com.vmware.vcenter.inventory"
     },
     {
      "value": "/etc/vmware-content-library/metadata/vdcs/com.vmware.vcenter.ovf_metamodel.json",
      "key": "com.vmware.vapi.metadata.metamodel.file.com.vmware.vcenter.ovf"
     },
     {
      "value": "/etc/vmware-content-library/metadata/cls/com.vmware.content_authentication.json",
      "key": "com.vmware.vapi.metadata.authentication.file.com.vmware.content"
     },
     {
      "value": "/etc/vmware-content-library/metadata/iso/com.vmware.vcenter.iso_authorization.json",
      "key": "com.vmware.vapi.metadata.privilege.file.com.vmware.vcenter.iso"
     },
     {
      "value": "/etc/vmware-content-library/metadata/vmtx/com.vmware.vcenter.vm_template_routing.json",
      "key": "com.vmware.vapi.metadata.routing.file.com.vmware.vcenter.vm"
     },
     {
      "value": "/etc/vmware-content-library/metadata/vdcs/com.vmware.vcenter.inventory_authorization.json",
      "key": "com.vmware.vapi.metadata.privilege.file.com.vmware.vcenter.inventory"
     },
     {
      "value": "/etc/vmware-content-library/metadata/iso/com.vmware.vcenter.iso_routing.json",
      "key": "com.vmware.vapi.metadata.routing.file.com.vmware.vcenter.iso"
     },
     {
      "value": "/etc/vmware-content-library/metadata/vmtx/com.vmware.vcenter.vm_template_cli.json",
      "key": "com.vmware.vapi.metadata.cli.file.com.vmware.vcenter.vm"
     },
     {
      "value": "http://localhost:16666/cls/",
      "key": "cis.common.ep.localurl"
     },
     {
      "value": "/etc/vmware-content-library/metadata/iso/com.vmware.vcenter.iso_authentication.json",
      "key": "com.vmware.vapi.metadata.authentication.file.com.vmware.vcenter.iso"
     },
     {
      "value": "/etc/vmware-content-library/metadata/vmtx/com.vmware.vcenter.vm_template_metamodel.json",
      "key": "com.vmware.vapi.metadata.metamodel.file.com.vmware.vcenter.vm"
     },
     {
      "value": "/etc/vmware-content-library/metadata/cls/com.vmware.content_authorization.json",
      "key": "com.vmware.vapi.metadata.privilege.file.com.vmware.content"
     },
     {
      "value": "/etc/vmware-content-library/metadata/ts/com.vmware.transfer_authentication.json",
      "key": "com.vmware.vapi.metadata.authentication.file.com.vmware.transfer"
     },
     {
      "value": "/etc/vmware-content-library/metadata/cls/com.vmware.content_metamodel.json",
      "key": "com.vmware.vapi.metadata.metamodel.file.com.vmware.content"
     },
     {
      "value": "/etc/vmware-content-library/metadata/iso/com.vmware.vcenter.iso_cli.json",
      "key": "com.vmware.vapi.metadata.cli.file.com.vmware.vcenter.iso"
     }
    ],
    "sslTrust": "{ssltrust}"
   },
   {
    "endpointType": {
     "type": "com.vmware.cdc.provider",
     "protocol": "vapi.json.https"
    },
    "url": "https://{pnid}:443/cls/",
    "endpointAttributes": [
     {
      "value": "http://localhost:16666/cls/",
      "key": "cis.common.ep.localurl"
     }
    ],
    "sslTrust": "{ssltrust}"
   },
   {
    "endpointType": {
     "type": "com.vmware.cis.common.resourcebundle",
     "protocol": "http"
    },
    "url": "https://{pnid}:443/cls/resourcebundle",
    "endpointAttributes": [
     {
      "value": "http://localhost:16666/cls/resourcebundle",
      "key": "cis.common.ep.localurl"
     },
     {
      "value": "com.vmware.cis.cls.messages",
      "key": "com.vmware.cis.common.resourcebundle.basename"
     }
    ],
    "sslTrust": "{ssltrust}"
   },
   {
    "endpointType": {
     "type": "com.vmware.cis.cls.vapi.http",
     "protocol": "vapi.json.http"
    },
    "url": "http://{pnid}:80/cls/",
    "endpointAttributes": [
     {
      "value": "/etc/vmware-content-library/metadata/vdcs/com.vmware.vcenter.inventory_routing.json",
      "key": "com.vmware.vapi.metadata.routing.file.com.vmware.vcenter.inventory"
     },
     {
      "value": "/etc/vmware-content-library/metadata/ts/com.vmware.transfer_authorization.json",
      "key": "com.vmware.vapi.metadata.privilege.file.com.vmware.transfer"
     },
     {
      "value": "/etc/vmware-content-library/metadata/vdcs/com.vmware.vcenter.ovf_routing.json",
      "key": "com.vmware.vapi.metadata.routing.file.com.vmware.vcenter.ovf"
     },
     {
      "value": "/etc/vmware-content-library/metadata/vmtx/com.vmware.vcenter.vm_template_authentication.json",
      "key": "com.vmware.vapi.metadata.authentication.file.com.vmware.vcenter.vm"
     },
     {
      "value": "/etc/vmware-content-library/metadata/iso/com.vmware.vcenter.iso_metamodel.json",
      "key": "com.vmware.vapi.metadata.metamodel.file.com.vmware.vcenter.iso"
     },
     {
      "value": "/etc/vmware-content-library/metadata/vdcs/com.vmware.vcenter.inventory_metamodel.json",
      "key": "com.vmware.vapi.metadata.metamodel.file.com.vmware.vcenter.inventory"
     },
     {
      "value": "/etc/vmware-content-library/metadata/cls/com.vmware.content_cli.json",
      "key": "com.vmware.vapi.metadata.cli.file.com.vmware.content"
     },
     {
      "value": "/etc/vmware-content-library/metadata/vdcs/com.vmware.vcenter.ovf_authentication.json",
      "key": "com.vmware.vapi.metadata.authentication.file.com.vmware.vcenter.ovf"
     },
     {
      "value": "/etc/vmware-content-library/metadata/vdcs/com.vmware.vcenter.ovf_authorization.json",
      "key": "com.vmware.vapi.metadata.privilege.file.com.vmware.vcenter.ovf"
     },
     {
      "value": "/etc/vmware-content-library/metadata/vdcs/com.vmware.vcenter.inventory_authentication.json",
      "key": "com.vmware.vapi.metadata.authentication.file.com.vmware.vcenter.inventory"
     },
     {
      "value": "/etc/vmware-content-library/metadata/ts/com.vmware.transfer_routing.json",
      "key": "com.vmware.vapi.metadata.routing.file.com.vmware.transfer"
     },
     {
      "value": "/etc/vmware-content-library/metadata/cls/com.vmware.content_routing.json",
      "key": "com.vmware.vapi.metadata.routing.file.com.vmware.content"
     },
     {
      "value": "/etc/vmware-content-library/metadata/vmtx/com.vmware.vcenter.vm_template_authorization.json",
      "key": "com.vmware.vapi.metadata.privilege.file.com.vmware.vcenter.vm"
     },
     {
      "value": "/etc/vmware-content-library/metadata/vdcs/com.vmware.vcenter.ovf_cli.json",
      "key": "com.vmware.vapi.metadata.cli.file.com.vmware.vcenter.ovf"
     },
     {
      "value": "/etc/vmware-content-library/metadata/ts/com.vmware.transfer_metamodel.json",
      "key": "com.vmware.vapi.metadata.metamodel.file.com.vmware.transfer"
     },
     {
      "value": "/etc/vmware-content-library/metadata/vdcs/com.vmware.vcenter.inventory_cli.json",
      "key": "com.vmware.vapi.metadata.cli.file.com.vmware.vcenter.inventory"
     },
     {
      "value": "/etc/vmware-content-library/metadata/vdcs/com.vmware.vcenter.ovf_metamodel.json",
      "key": "com.vmware.vapi.metadata.metamodel.file.com.vmware.vcenter.ovf"
     },
     {
      "value": "/etc/vmware-content-library/metadata/cls/com.vmware.content_authentication.json",
      "key": "com.vmware.vapi.metadata.authentication.file.com.vmware.content"
     },
     {
      "value": "/etc/vmware-content-library/metadata/iso/com.vmware.vcenter.iso_authorization.json",
      "key": "com.vmware.vapi.metadata.privilege.file.com.vmware.vcenter.iso"
     },
     {
      "value": "/etc/vmware-content-library/metadata/vmtx/com.vmware.vcenter.vm_template_routing.json",
      "key": "com.vmware.vapi.metadata.routing.file.com.vmware.vcenter.vm"
     },
     {
      "value": "/etc/vmware-content-library/metadata/vdcs/com.vmware.vcenter.inventory_authorization.json",
      "key": "com.vmware.vapi.metadata.privilege.file.com.vmware.vcenter.inventory"
     },
     {
      "value": "/etc/vmware-content-library/metadata/iso/com.vmware.vcenter.iso_routing.json",
      "key": "com.vmware.vapi.metadata.routing.file.com.vmware.vcenter.iso"
     },
     {
      "value": "/etc/vmware-content-library/metadata/vmtx/com.vmware.vcenter.vm_template_cli.json",
      "key": "com.vmware.vapi.metadata.cli.file.com.vmware.vcenter.vm"
     },
     {
      "value": "/etc/vmware-content-library/metadata/iso/com.vmware.vcenter.iso_authentication.json",
      "key": "com.vmware.vapi.metadata.authentication.file.com.vmware.vcenter.iso"
     },
     {
      "value": "/etc/vmware-content-library/metadata/vmtx/com.vmware.vcenter.vm_template_metamodel.json",
      "key": "com.vmware.vapi.metadata.metamodel.file.com.vmware.vcenter.vm"
     },
     {
      "value": "/etc/vmware-content-library/metadata/cls/com.vmware.content_authorization.json",
      "key": "com.vmware.vapi.metadata.privilege.file.com.vmware.content"
     },
     {
      "value": "/etc/vmware-content-library/metadata/ts/com.vmware.transfer_authentication.json",
      "key": "com.vmware.vapi.metadata.authentication.file.com.vmware.transfer"
     },
     {
      "value": "/etc/vmware-content-library/metadata/cls/com.vmware.content_metamodel.json",
      "key": "com.vmware.vapi.metadata.metamodel.file.com.vmware.content"
     },
     {
      "value": "/etc/vmware-content-library/metadata/iso/com.vmware.vcenter.iso_cli.json",
      "key": "com.vmware.vapi.metadata.cli.file.com.vmware.vcenter.iso"
     }
    ],
    "sslTrust": "{ssltrust}"
   },
   {
    "endpointType": {
     "type": "com.vmware.cis.common.healthstatus",
     "protocol": "rest"
    },
    "url": "https://{pnid}:443/cls/cmhealthstatus",
    "endpointAttributes": [
     {
      "value": "http://localhost:16666/cls/cmhealthstatus",
      "key": "cis.common.ep.localurl"
     }
    ],
    "sslTrust": "{ssltrust}"
   }
  ],
  "serviceType": {
   "product": "com.vmware.cis",
   "type": "cis.cls"
  },
  "nodeId": "{lduid}",
  "vendorNameResourceKey": "",
  "serviceNameResourceKey": "cis.content-library.ServiceName",
  "serviceId": "{serviceid}",
  "siteId": "{siteid}",
  "vendorProductInfoDefault": "",
  "serviceDescriptionResourceKey": "cis.content-library.ServiceDescription",
  "vendorNameDefault": "",
  "serviceAttributes": [
   {
    "value": "com.vmware.cis.cls",
    "key": "com.vmware.cis.cm.GroupInternalId"
   },
   {
    "value": "service-control-default-vmon",
    "key": "com.vmware.cis.cm.ControlScript"
   },
   {
    "value": "com.vmware.vdcs.cls-main.service_group_resource_key",
    "key": "com.vmware.cis.cm.GroupResourceKey"
   },
   {
    "value": "{machineid}",
    "key": "com.vmware.cis.cm.HostId"
   }
  ],
  "serviceVersion": "1.0",
  "serviceDescriptionDefault": "",
  "vendorProductInfoResourceKey": ""
 },
 {
  "ownerId": "vsphere-webclient-{machineid}@{domain_name}",
  "serviceNameDefault": "",
  "serviceEndpoints": [
   {
    "endpointType": {
     "type": "com.vmware.cis.common.healthstatus",
     "protocol": "rest"
    },
    "url": "https://{pnid}:443/ui/healthstatus",
    "endpointAttributes": [
     {
      "value": "http://localhost:5090/ui/healthstatus",
      "key": "cis.common.ep.localurl"
     }
    ],
    "sslTrust": "{ssltrust}"
   },
   {
    "endpointType": {
     "type": "com.vmware.cis.client",
     "protocol": "http"
    },
    "url": "https://{pnid}:443/ui",
    "endpointAttributes": [
     {
      "value": "http://localhost:5090/ui",
      "key": "cis.common.ep.localurl"
     }
    ],
    "sslTrust": "{ssltrust}"
   }
  ],
  "serviceType": {
   "product": "com.vmware.cis",
   "type": "vsphereui"
  },
  "nodeId": "{lduid}",
  "vendorNameResourceKey": "",
  "serviceNameResourceKey": "cis.vsphere-ui.ServiceName",
  "serviceId": "{serviceid}",
  "siteId": "{siteid}",
  "vendorProductInfoDefault": "",
  "serviceDescriptionResourceKey": "cis.vsphere-ui.ServiceDescription",
  "vendorNameDefault": "",
  "serviceAttributes": [
   {
    "value": "com.vmware.vsphereui",
    "key": "com.vmware.cis.cm.GroupInternalId"
   },
   {
    "value": "{machineid}",
    "key": "com.vmware.cis.cm.HostId"
   }
  ],
  "serviceVersion": "6.5.0",
  "serviceDescriptionDefault": "",
  "vendorProductInfoResourceKey": ""
 },
 {
  "ownerId": "machine-{machineid}@{domain_name}",
  "serviceNameDefault": "",
  "serviceEndpoints": [
   {
    "endpointType": {
     "type": "com.vmware.applmgmt",
     "protocol": "vapi.json.http"
    },
    "url": "http://localhost:8201/api",
    "endpointAttributes": [
     {
      "value": "http://localhost:8201/api",
      "key": "com.vmware.vapi.metadata.authentication.remote"
     },
     {
      "value": "http://localhost:8201/api",
      "key": "com.vmware.vapi.metadata.metamodel.remote"
     },
     {
      "value": "http://localhost:8201/api",
      "key": "com.vmware.vapi.metadata.cli.remote"
     }
    ],
    "sslTrust": "{ssltrust}"
   },
   {
    "endpointType": {
     "type": "com.vmware.cis.common.healthstatus",
     "protocol": "rest"
    },
    "url": "https://{pnid}:443/applmgmt/appliance-health",
    "endpointAttributes": [
     {
      "value": "VMware, Inc",
      "key": "company"
     },
     {
      "value": "noreply@vmware.com",
      "key": "adminEmail"
     }
    ],
    "sslTrust": "{ssltrust}"
   },
   {
    "endpointType": {
     "type": "com.vmware.applmgmt",
     "protocol": "http"
    },
    "url": "https://{pnid}:443/applmgmt/RPC2",
    "endpointAttributes": [
     {
      "value": "VMware, Inc",
      "key": "company"
     },
     {
      "value": "noreply@vmware.com",
      "key": "adminEmail"
     }
    ],
    "sslTrust": "{ssltrust}"
   },
   {
    "endpointType": {
     "type": "com.vmware.applmgmt",
     "protocol": "vapi.json.https.public"
    },
    "url": "https://{pnid}:5480/api",
    "endpointAttributes": [
     {
      "value": "http://localhost:8201/api",
      "key": "com.vmware.vapi.metadata.authentication.remote"
     },
     {
      "value": "http://localhost:8201/api",
      "key": "com.vmware.vapi.metadata.metamodel.remote"
     },
     {
      "value": "http://localhost:8201/api",
      "key": "com.vmware.vapi.metadata.cli.remote"
     }
    ],
    "sslTrust": "{ssltrust}"
   },
   {
    "endpointType": {
     "type": "com.vmware.cis.common.resourcebundle",
     "protocol": "http"
    },
    "url": "https://{pnid}:443/applmgmt/resourcebundle.zip",
    "endpointAttributes": [
     {
      "value": "applmgmt.ResourceBundle",
      "key": "com.vmware.cis.common.resourcebundle.basename"
     },
     {
      "value": "VMware, Inc",
      "key": "company"
     },
     {
      "value": "noreply@vmware.com",
      "key": "adminEmail"
     }
    ],
    "sslTrust": "{ssltrust}"
   },
   {
    "endpointType": {
     "type": "com.vmware.applmgmt",
     "protocol": "vapi.rest.https.public"
    },
    "url": "https://{pnid}:5480/rest",
    "endpointAttributes": [],
    "sslTrust": "{ssltrust}"
   }
  ],
  "serviceType": {
   "product": "com.vmware.applmgmt",
   "type": "applmgmt"
  },
  "nodeId": "{lduid}",
  "vendorNameResourceKey": "",
  "serviceNameResourceKey": "cis.applmgmt.ServiceName",
  "serviceId": "{serviceid}",
  "siteId": "{siteid}",
  "vendorProductInfoDefault": "",
  "serviceDescriptionResourceKey": "cis.applmgmt.ServiceDescription",
  "vendorNameDefault": "",
  "serviceAttributes": [
   {
    "value": "false",
    "key": "cis.common.showinui"
   },
   {
    "value": "service-control-default-vmon",
    "key": "com.vmware.cis.cm.ControlScript"
   },
   {
    "value": "{machineid}",
    "key": "com.vmware.cis.cm.HostId"
   }
  ],
  "serviceVersion": "6.0",
  "serviceDescriptionDefault": "",
  "vendorProductInfoResourceKey": ""
 },
 {
  "ownerId": "vsphere-webclient-{machineid}@{domain_name}",
  "serviceNameDefault": "",
  "serviceEndpoints": [
   {
    "endpointType": {
     "type": "com.vmware.cis.ds.https",
     "protocol": "vapi.json.https"
    },
    "url": "https://{pnid}:443/ds/vapi",
    "endpointAttributes": [
     {
      "value": "http://localhost:9090/ds/vapi",
      "key": "cis.common.ep.localurl"
     },
     {
      "value": "/usr/lib/vmware-vsphere-client/metadata/DataService_metamodel.json",
      "key": "com.vmware.vapi.metadata.metamodel.file"
     },
     {
      "value": "/usr/lib/vmware-vsphere-client/metadata/DataService_authentication.json",
      "key": "com.vmware.vapi.metadata.authentication.file"
     }
    ],
    "sslTrust": "{ssltrust}"
   }
  ],
  "serviceType": {
   "product": "com.vmware.cis",
   "type": "cs.ds"
  },
  "nodeId": "{lduid}",
  "vendorNameResourceKey": "",
  "serviceNameResourceKey": "",
  "serviceId": "{serviceid}",
  "siteId": "{siteid}",
  "vendorProductInfoDefault": "",
  "serviceDescriptionResourceKey": "",
  "vendorNameDefault": "",
  "serviceAttributes": [
   {
    "value": "{machineid}",
    "key": "com.vmware.cis.cm.HostId"
   }
  ],
  "serviceVersion": "1.0",
  "serviceDescriptionDefault": "",
  "vendorProductInfoResourceKey": ""
 },
 {
  "ownerId": "vpxd-extension-{machineid}@{domain_name}",
  "serviceNameDefault": "",
  "serviceEndpoints": [
   {
    "endpointType": {
     "type": "com.vmware.cis.inventory.vapi",
     "protocol": "vapi.json.https"
    },
    "url": "https://{pnid}:443/invsvc/vapi",
    "endpointAttributes": [
     {
      "value": "http://localhost:10080/invsvc/vapi",
      "key": "cis.common.ep.localurl"
     },
     {
      "value": "/usr/lib/vmware-vpxd-svcs/vapi-metadata/authz/authz_metamodel.json",
      "key": "com.vmware.vapi.metadata.metamodel.file.authz"
     },
     {
      "value": "/usr/lib/vmware-vpxd-svcs/vapi-metadata/tagging/com.vmware.cis.tagging_metamodel.json",
      "key": "com.vmware.vapi.metadata.metamodel.file.tagging"
     },
     {
      "value": "/usr/lib/vmware-vpxd-svcs/vapi-metadata/authz/authz_authentication.json",
      "key": "com.vmware.vapi.metadata.authentication.file.authz"
     },
     {
      "value": "/usr/lib/vmware-vpxd-svcs/vapi-metadata/authz/authz_routing.json",
      "key": "com.vmware.vapi.metadata.routing.file.authz"
     },
     {
      "value": "/usr/lib/vmware-vpxd-svcs/vapi-metadata/tagging/com.vmware.cis.tagging_authentication.json",
      "key": "com.vmware.vapi.metadata.authentication.file.tagging"
     },
     {
      "value": "/usr/lib/vmware-vpxd-svcs/vapi-metadata/tagging/com.vmware.cis.tagging_cli.json",
      "key": "com.vmware.vapi.metadata.cli.file.tagging"
     }
    ],
    "sslTrust": "{ssltrust}"
   },
   {
    "endpointType": {
     "type": "com.vmware.cis.inventory",
     "protocol": "http"
    },
    "url": "https://{pnid}:443/invsvc",
    "endpointAttributes": [
     {
      "value": "http://localhost:10080/invsvc",
      "key": "cis.common.ep.localurl"
     }
    ],
    "sslTrust": "{ssltrust}"
   },
   {
    "endpointType": {
     "type": "com.vmware.cis.tagging.server",
     "protocol": "vmomi"
    },
    "url": "https://{pnid}:443/invsvc/vmomi/sdk",
    "endpointAttributes": [
     {
      "value": "http://localhost:10080/invsvc/vmomi/sdk",
      "key": "cis.common.ep.localurl"
     }
    ],
    "sslTrust": "{ssltrust}"
   },
   {
    "endpointType": {
     "type": "com.vmware.cis.common.healthstatus",
     "protocol": "rest"
    },
    "url": "https://{pnid}:443/invsvc/invsvc-health",
    "endpointAttributes": [
     {
      "value": "http://localhost:10080/invsvc/invsvc-health",
      "key": "cis.common.ep.localurl"
     }
    ],
    "sslTrust": "{ssltrust}"
   },
   {
    "endpointType": {
     "type": "com.vmware.cis.inventory.server",
     "protocol": "vmomi"
    },
    "url": "https://{pnid}:443/invsvc/vmomi/sdk",
    "endpointAttributes": [
     {
      "value": "http://localhost:10080/invsvc/vmomi/sdk",
      "key": "cis.common.ep.localurl"
     }
    ],
    "sslTrust": "{ssltrust}"
   },
   {
    "endpointType": {
     "type": "com.vmware.cis.common.resourcebundle",
     "protocol": "http"
    },
    "url": "https://{pnid}:443/invsvc/invsvc-resource",
    "endpointAttributes": [
     {
      "value": "http://localhost:10080/invsvc/invsvc-resource",
      "key": "cis.common.ep.localurl"
     },
     {
      "value": "cs.inventory.ResourceBundle",
      "key": "com.vmware.cis.common.resourcebundle.basename"
     }
    ],
    "sslTrust": "{ssltrust}"
   }
  ],
  "serviceType": {
   "product": "com.vmware.cis",
   "type": "cs.inventory"
  },
  "nodeId": "{lduid}",
  "vendorNameResourceKey": "",
  "serviceNameResourceKey": "cs.inventory.ServiceName",
  "serviceId": "{serviceid}",
  "siteId": "{siteid}",
  "vendorProductInfoDefault": "",
  "serviceDescriptionResourceKey": "cs.inventory.ServiceDescription",
  "vendorNameDefault": "",
  "serviceAttributes": [
   {
    "value": "cs",
    "key": "com.vmware.cis.cm.GroupInternalId"
   },
   {
    "value": "service-control-default-vmon",
    "key": "com.vmware.cis.cm.ControlScript"
   },
   {
    "value": "cs.inventory.servicegroupresource",
    "key": "com.vmware.cis.cm.GroupResourceKey"
   },
   {
    "value": "{machineid}",
    "key": "com.vmware.cis.cm.HostId"
   }
  ],
  "serviceVersion": "1.0",
  "serviceDescriptionDefault": "",
  "vendorProductInfoResourceKey": ""
 },
 {
  "ownerId": "vpxd-{machineid}@{domain_name}",
  "serviceNameDefault": "",
  "serviceEndpoints": [
   {
    "endpointType": {
     "type": "com.vmware.cdc.provider",
     "protocol": "vmomi"
    },
    "url": "https://{pnid}:443/sdk",
    "endpointAttributes": [
     {
      "value": "http://localhost:8085/sdk",
      "key": "cis.common.ep.localurl"
     }
    ],
    "sslTrust": "{ssltrust}"
   },
   {
    "endpointType": {
     "type": "com.vmware.cis.data.provider",
     "protocol": "vmomi"
    },
    "url": "https://{pnid}:443/sdk",
    "endpointAttributes": [
     {
      "value": "http://localhost:8085/sdk",
      "key": "cis.common.ep.localurl"
     }
    ],
    "sslTrust": "{ssltrust}"
   },
   {
    "endpointType": {
     "type": "com.vmware.vapi.vcenter",
     "protocol": "vapi.json.https"
    },
    "url": "https://{pnid}:443/vcenter",
    "endpointAttributes": [
     {
      "value": "http://localhost:8093/vcenter",
      "key": "cis.common.ep.localurl"
     },
     {
      "value": "http://localhost:8093/vcenter",
      "key": "com.vmware.vapi.metadata.authentication.remote"
     },
     {
      "value": "http://localhost:8093/vcenter",
      "key": "com.vmware.vapi.metadata.metamodel.remote"
     },
     {
      "value": "http://localhost:8093/vcenter",
      "key": "com.vmware.vapi.metadata.cli.remote"
     }
    ],
    "sslTrust": "{ssltrust}"
   },
   {
    "endpointType": {
     "type": "com.vmware.vim",
     "protocol": "vmomi"
    },
    "url": "https://{pnid}:443/sdk",
    "endpointAttributes": [
     {
      "value": "http://localhost:8085/sdk",
      "key": "cis.common.ep.localurl"
     }
    ],
    "sslTrust": "{ssltrust}"
   },
   {
    "endpointType": {
     "type": "com.vmware.vim.extension",
     "protocol": "vmomi"
    },
    "url": "https://{pnid}:443/sdkTunnel",
    "endpointAttributes": [
     {
      "value": "http://localhost:8085/sdkTunnel",
      "key": "cis.common.ep.localurl"
     }
    ],
    "sslTrust": "{ssltrust}"
   },
   {
    "endpointType": {
     "type": "com.vmware.cis.common.resourcebundle",
     "protocol": "http"
    },
    "url": "https://{pnid}:443/catalog/catalog.zip",
    "endpointAttributes": [
     {
      "value": "cis.vc.ResourceBundle:cis.vc.vapi.provider.ResourceBundle:cis.vc.vapi.vmomi.ResourceBundle:cis.vc.hostprofiles.ResourceBundle:cis.vc.hostdiag.ResourceBundle:cis.vc.VirtualCenter.ResourceBundle",
      "key": "com.vmware.cis.common.resourcebundle.basename"
     }
    ],
    "sslTrust": "{ssltrust}"
   }
  ],
  "serviceType": {
   "product": "com.vmware.cis",
   "type": "vcenterserver"
  },
  "nodeId": "{lduid}",
  "vendorNameResourceKey": "",
  "serviceNameResourceKey": "AboutInfo.vpx.name",
  "serviceId": "{vcserviceid}",
  "siteId": "{siteid}",
  "vendorProductInfoDefault": "",
  "serviceDescriptionResourceKey": "AboutInfo.vpx.name",
  "vendorNameDefault": "",
  "serviceAttributes": [
   {
    "value": "com.vmware.vim.vcenter",
    "key": "com.vmware.cis.cm.GroupInternalId"
   },
   {
    "value": "service-control-default-vmon",
    "key": "com.vmware.cis.cm.ControlScript"
   },
   {
    "value": "{pnid}",
    "key": "com.vmware.vim.vcenter.instanceName"
   },
   {
    "value": "{machineid}",
    "key": "com.vmware.cis.cm.HostId"
   }
  ],
  "serviceVersion": "6.7",
  "serviceDescriptionDefault": "",
  "vendorProductInfoResourceKey": ""
 },
 {
  "ownerId": "vpxd-extension-{machineid}@{domain_name}",
  "serviceNameDefault": "",
  "serviceEndpoints": [
   {
    "endpointType": {
     "type": "com.vmware.cis.common.resourcebundle",
     "protocol": "http"
    },
    "url": "https://{pnid}:443/sca/resourcebundle/rbdResourceBundle.zip",
    "endpointAttributes": [
     {
      "value": "rbd.ResourceBundle",
      "key": "com.vmware.cis.common.resourcebundle.basename"
     },
     {
      "value": "VMware, Inc",
      "key": "company"
     },
     {
      "value": "noreply@vmware.com",
      "key": "adminEmail"
     }
    ],
    "sslTrust": "{ssltrust}"
   },
   {
    "endpointType": {
     "type": "com.vmware.cis.common.healthstatus",
     "protocol": "rest"
    },
    "url": "https://{pnid}:6502/vmw/rbd/healthStatus",
    "endpointAttributes": [
     {
      "value": "VMware, Inc",
      "key": "company"
     },
     {
      "value": "noreply@vmware.com",
      "key": "adminEmail"
     }
    ],
    "sslTrust": "{ssltrust}"
   },
   {
    "endpointType": {
     "type": "com.vmware.rbd",
     "protocol": "vmomi"
    },
    "url": "https://{pnid}:6502/sdk",
    "endpointAttributes": [
     {
      "value": "VMware, Inc",
      "key": "company"
     },
     {
      "value": "noreply@vmware.com",
      "key": "adminEmail"
     }
    ],
    "sslTrust": "{ssltrust}"
   },
   {
    "endpointType": {
     "type": "com.vmware.rbd",
     "protocol": "https"
    },
    "url": "https://{pnid}:6502/vmw/rbd",
    "endpointAttributes": [
     {
      "value": "VMware, Inc",
      "key": "company"
     },
     {
      "value": "noreply@vmware.com",
      "key": "adminEmail"
     }
    ],
    "sslTrust": "{ssltrust}"
   }
  ],
  "serviceType": {
   "product": "com.vmware.rbd",
   "type": "rbd"
  },
  "nodeId": "{lduid}",
  "vendorNameResourceKey": "",
  "serviceNameResourceKey": "cis.rbd.ServiceName",
  "serviceId": "{serviceid}",
  "siteId": "{siteid}",
  "vendorProductInfoDefault": "",
  "serviceDescriptionResourceKey": "cis.rbd.ServiceDescription",
  "vendorNameDefault": "",
  "serviceAttributes": [
   {
    "value": "service-control-default-vmon",
    "key": "com.vmware.cis.cm.ControlScript"
   },
   {
    "value": "{machineid}",
    "key": "com.vmware.cis.cm.HostId"
   }
  ],
  "serviceVersion": "6.7",
  "serviceDescriptionDefault": "",
  "vendorProductInfoResourceKey": ""
 },
 {
  "ownerId": "vsphere-webclient-{machineid}@{domain_name}",
  "serviceNameDefault": "",
  "serviceEndpoints": [
   {
    "endpointType": {
     "type": "com.vmware.cis.vsphereclient.plugin",
     "protocol": "http"
    },
    "url": "https://{pnid}:443/vsphere-client/mixed-mode-support-plugin.zip",
    "endpointAttributes": [],
    "sslTrust": "{ssltrust}"
   }
  ],
  "serviceType": {
   "product": "com.vmware.fallback",
   "type": "mixed"
  },
  "nodeId": "{lduid}",
  "vendorNameResourceKey": "",
  "serviceNameResourceKey": "Mixed Mode Support plugin",
  "serviceId": "{serviceid}",
  "siteId": "{siteid}",
  "vendorProductInfoDefault": "",
  "serviceDescriptionResourceKey": "Mixed Mode Support plugin",
  "vendorNameDefault": "",
  "serviceAttributes": [
   {
    "value": "{machineid}",
    "key": "com.vmware.cis.cm.HostId"
   }
  ],
  "serviceVersion": "6.5.0",
  "serviceDescriptionDefault": "",
  "vendorProductInfoResourceKey": ""
 },
 {
  "ownerId": "vpxd-extension-{machineid}@{domain_name}",
  "serviceNameDefault": "",
  "serviceEndpoints": [
   {
    "endpointType": {
     "type": "com.vmware.vim.sms",
     "protocol": "https"
    },
    "url": "https://{pnid}:443/sms/sdk",
    "endpointAttributes": [
     {
      "value": "http://localhost:22000/sms/sdk",
      "key": "cis.common.ep.localurl"
     }
    ],
    "sslTrust": "{ssltrust}"
   },
   {
    "endpointType": {
     "type": "com.vmware.vim.pbm",
     "protocol": "https"
    },
    "url": "https://{pnid}:443/pbm/sdk",
    "endpointAttributes": [
     {
      "value": "http://localhost:8190/pbm/sdk",
      "key": "cis.common.ep.localurl"
     }
    ],
    "sslTrust": "{ssltrust}"
   },
   {
    "endpointType": {
     "type": "com.vmware.vim.vslm",
     "protocol": "https"
    },
    "url": "https://{pnid}:443/vslm/sdk",
    "endpointAttributes": [
     {
      "value": "http://localhost:23000/vslm/sdk",
      "key": "cis.common.ep.localurl"
     }
    ],
    "sslTrust": "{ssltrust}"
   },
   {
    "endpointType": {
     "type": "com.vmware.cis.common.healthstatus",
     "protocol": "rest"
    },
    "url": "https://{pnid}:443/sms/HealthStatus",
    "endpointAttributes": [
     {
      "value": "http://localhost:22000/sms/HealthStatus",
      "key": "cis.common.ep.localurl"
     }
    ],
    "sslTrust": "{ssltrust}"
   },
   {
    "endpointType": {
     "type": "com.vmware.cis.common.resourcebundle",
     "protocol": "http"
    },
    "url": "https://{pnid}:443/sms/resourcebundle",
    "endpointAttributes": [
     {
      "value": "http://localhost:22000/sms/resourcebundle",
      "key": "cis.common.ep.localurl"
     },
     {
      "value": "cis.sms.ResourceBundle",
      "key": "com.vmware.cis.common.resourcebundle.basename"
     },
     {
      "value": "2",
      "key": "com.vmware.cis.common.resourcebundle.version"
     }
    ],
    "sslTrust": "{ssltrust}"
   }
  ],
  "serviceType": {
   "product": "com.vmware.vim.sms",
   "type": "sms"
  },
  "nodeId": "{lduid}",
  "vendorNameResourceKey": "",
  "serviceNameResourceKey": "cis.sms.ServiceName",
  "serviceId": "{serviceid}",
  "siteId": "{siteid}",
  "vendorProductInfoDefault": "",
  "serviceDescriptionResourceKey": "cis.sms.ServiceDescription",
  "vendorNameDefault": "",
  "serviceAttributes": [
   {
    "value": "service-control-default-vmon",
    "key": "com.vmware.cis.cm.ControlScript"
   },
   {
    "value": "{machineid}",
    "key": "com.vmware.cis.cm.HostId"
   }
  ],
  "serviceVersion": "6.7",
  "serviceDescriptionDefault": "",
  "vendorProductInfoResourceKey": ""
 },
 {
  "ownerId": "machine@{domain_name}",
  "serviceNameDefault": "",
  "serviceEndpoints": [
   {
    "endpointType": {
     "type": "com.vmware.cis.common.resourcebundle",
     "protocol": "http"
    },
    "url": "https://{pnid}:443/sca/resourcebundle/vmonapiResourceBundle.zip",
    "endpointAttributes": [
     {
      "value": "vmonapi.ResourceBundle",
      "key": "com.vmware.cis.common.resourcebundle.basename"
     }
    ],
    "sslTrust": "{ssltrust}"
   },
   {
    "endpointType": {
     "type": "com.vmware.appliance.vmon",
     "protocol": "vapi.json.https"
    },
    "url": "https://{pnid}:443/vmonapi",
    "endpointAttributes": [
     {
      "value": "http://localhost:8900/vmonapi",
      "key": "cis.common.ep.localurl"
     },
     {
      "value": "http://localhost:8900/vmonapi",
      "key": "com.vmware.vapi.metadata.authentication.remote"
     },
     {
      "value": "http://localhost:8900/vmonapi",
      "key": "com.vmware.vapi.metadata.metamodel.remote"
     },
     {
      "value": "http://localhost:8900/vmonapi",
      "key": "com.vmware.vapi.metadata.cli.remote"
     }
    ],
    "sslTrust": "{ssltrust}"
   }
  ],
  "serviceType": {
   "product": "com.vmware.cis",
   "type": "cis.vmonapi"
  },
  "nodeId": "{lduid}",
  "vendorNameResourceKey": "",
  "serviceNameResourceKey": "cis.vmonapi.ServiceName",
  "serviceId": "{serviceid}",
  "siteId": "{siteid}",
  "vendorProductInfoDefault": "",
  "serviceDescriptionResourceKey": "cis.vmonapi.ServiceDescription",
  "vendorNameDefault": "",
  "serviceAttributes": [
   {
    "value": "service-control-default-vmon",
    "key": "com.vmware.cis.cm.ControlScript"
   },
   {
    "value": "{machineid}",
    "key": "com.vmware.cis.cm.HostId"
   }
  ],
  "serviceVersion": "1.0",
  "serviceDescriptionDefault": "",
  "vendorProductInfoResourceKey": ""
 },
 {
  "ownerId": "machine-{machineid}@{domain_name}",
  "serviceNameDefault": "",
  "serviceEndpoints": [
   {
    "endpointType": {
     "type": "com.vmware.cis.sca",
     "protocol": "vmomi"
    },
    "url": "https://{pnid}:443/sca",
    "endpointAttributes": [
     {
      "value": "http://localhost:18091/sca",
      "key": "cis.common.ep.localurl"
     }
    ],
    "sslTrust": "{ssltrust}"
   }
  ],
  "serviceType": {
   "product": "com.vmware.cis",
   "type": "sca"
  },
  "nodeId": "{lduid}",
  "vendorNameResourceKey": "",
  "serviceNameResourceKey": "",
  "serviceId": "{serviceid}",
  "siteId": "{siteid}",
  "vendorProductInfoDefault": "",
  "serviceDescriptionResourceKey": "",
  "vendorNameDefault": "",
  "serviceAttributes": [
   {
    "value": "{machineid}",
    "key": "com.vmware.cis.cm.HostId"
   }
  ],
  "serviceVersion": "6.7.0",
  "serviceDescriptionDefault": "",
  "vendorProductInfoResourceKey": ""
 },
 {
  "ownerId": "vpxd-extension-{machineid}@{domain_name}",
  "serviceNameDefault": "",
  "serviceEndpoints": [
   {
    "endpointType": {
     "type": "com.vmware.cis.common.healthstatus",
     "protocol": "rest"
    },
    "url": "http://{pnid}:9084/vci/downloads/health.xml",
    "endpointAttributes": [
     {
      "value": "VMware, Inc",
      "key": "company"
     },
     {
      "value": "noreply@vmware.com",
      "key": "adminEmail"
     }
    ],
    "sslTrust": "{ssltrust}"
   },
   {
    "endpointType": {
     "type": "com.vmware.cis.common.resourcebundle",
     "protocol": "http"
    },
    "url": "https://{pnid}:443/sca/resourcebundle/updatemgrResourceBundle.zip",
    "endpointAttributes": [
     {
      "value": "updatemgr.task:updatemgr.event:updatemgr.fault:updatemgr.extension:updatemgr.auth:updatemgr.locmsg:",
      "key": "com.vmware.cis.common.resourcebundle.basename"
     },
     {
      "value": "VMware, Inc",
      "key": "company"
     },
     {
      "value": "noreply@vmware.com",
      "key": "adminEmail"
     }
    ],
    "sslTrust": "{ssltrust}"
   },
   {
    "endpointType": {
     "type": "com.vmware.vcIntegrity",
     "protocol": "https"
    },
    "url": "https://{pnid}:8084/vci/sdk",
    "endpointAttributes": [
     {
      "value": "VMware, Inc",
      "key": "company"
     },
     {
      "value": "noreply@vmware.com",
      "key": "adminEmail"
     }
    ],
    "sslTrust": "{ssltrust}"
   },
   {
    "endpointType": {
     "type": "com.vmware.cis.vsphereclient.plugin",
     "protocol": "http"
    },
    "url": "https://{pnid}:9087/vci/downloads/vum-htmlclient.zip",
    "endpointAttributes": [
     {
      "value": "VMware, Inc",
      "key": "company"
     },
     {
      "value": "noreply@vmware.com",
      "key": "adminEmail"
     }
    ],
    "sslTrust": "{ssltrust}"
   }
  ],
  "serviceType": {
   "product": "com.vmware.vum",
   "type": "client"
  },
  "nodeId": "{lduid}",
  "vendorNameResourceKey": "",
  "serviceNameResourceKey": "",
  "serviceId": "{serviceid}",
  "siteId": "{siteid}",
  "vendorProductInfoDefault": "",
  "serviceDescriptionResourceKey": "",
  "vendorNameDefault": "",
  "serviceAttributes": [],
  "serviceVersion": "6.7.0.42538",
  "serviceDescriptionDefault": "",
  "vendorProductInfoResourceKey": ""
 },
 {
  "ownerId": "machine-{machineid}@{domain_name}",
  "serviceNameDefault": "",
  "serviceEndpoints": [
   {
    "endpointType": {
     "type": "com.vmware.cis.cs.license.sdk",
     "protocol": "vmomi"
    },
    "url": "https://{pnid}:443/ls/sdk",
    "endpointAttributes": [
     {
      "value": "http://localhost:12080/ls/sdk",
      "key": "cis.common.ep.localurl"
     }
    ],
    "sslTrust": "{ssltrust}"
   },
   {
    "endpointType": {
     "type": "com.vmware.cis.common.healthstatus",
     "protocol": "rest"
    },
    "url": "https://{pnid}:443/ls/healthstatus",
    "endpointAttributes": [
     {
      "value": "http://localhost:12080/ls/healthstatus",
      "key": "cis.common.ep.localurl"
     }
    ],
    "sslTrust": "{ssltrust}"
   },
   {
    "endpointType": {
     "type": "com.vmware.ph.globalconfig.consentservice",
     "protocol": "vmomi"
    },
    "url": "https://{pnid}:443/ls/ph/sdk",
    "endpointAttributes": [
     {
      "value": "http://localhost:12080/ls/ph/sdk",
      "key": "cis.common.ep.localurl"
     }
    ],
    "sslTrust": "{ssltrust}"
   },
   {
    "endpointType": {
     "type": "com.vmware.cis.common.resourcebundle",
     "protocol": "http"
    },
    "url": "https://{pnid}:443/ls/resourcebundle",
    "endpointAttributes": [
     {
      "value": "http://localhost:12080/ls/resourcebundle",
      "key": "cis.common.ep.localurl"
     },
     {
      "value": "cis.license.ResourceBundle",
      "key": "com.vmware.cis.common.resourcebundle.basename"
     }
    ],
    "sslTrust": "{ssltrust}"
   }
  ],
  "serviceType": {
   "product": "com.vmware.cis",
   "type": "cs.license"
  },
  "nodeId": "{lduid}",
  "vendorNameResourceKey": "",
  "serviceNameResourceKey": "cis.license.ServiceName",
  "serviceId": "{serviceid}",
  "siteId": "{siteid}",
  "vendorProductInfoDefault": "",
  "serviceDescriptionResourceKey": "cis.license.ServiceDescription",
  "vendorNameDefault": "",
  "serviceAttributes": [
   {
    "value": "service-control-default-vmon",
    "key": "com.vmware.cis.cm.ControlScript"
   },
   {
    "value": "cis.license.ServiceGroup",
    "key": "com.vmware.cis.cm.GroupResourceKey"
   },
   {
    "value": "{machineid}",
    "key": "com.vmware.cis.cm.HostId"
   }
  ],
  "serviceVersion": "6.7.0",
  "serviceDescriptionDefault": "",
  "vendorProductInfoResourceKey": ""
 },
 {
  "ownerId": "vsphere-webclient-{machineid}@{domain_name}",
  "serviceNameDefault": "",
  "serviceEndpoints": [
   {
    "endpointType": {
     "type": "com.vmware.vapi.endpoint",
     "protocol": "vapi.rest.http.public"
    },
    "url": "http://{pnid}:80/rest",
    "endpointAttributes": [],
    "sslTrust": "{ssltrust}"
   },
   {
    "endpointType": {
     "type": "com.vmware.vapi.endpoint",
     "protocol": "vapi.rest.http"
    },
    "url": "http://{pnid}:80/site/rest",
    "endpointAttributes": [],
    "sslTrust": "{ssltrust}"
   },
   {
    "endpointType": {
     "type": "com.vmware.vapi.endpoint",
     "protocol": "vapi.json.https.public"
    },
    "url": "https://{pnid}:443/api",
    "endpointAttributes": [
     {
      "value": "http://localhost:12346/api",
      "key": "cis.common.ep.localurl"
     }
    ],
    "sslTrust": "{ssltrust}"
   },
   {
    "endpointType": {
     "type": "com.vmware.cis.common.healthstatus",
     "protocol": "rest"
    },
    "url": "https://{pnid}:443/vapiendpoint/health",
    "endpointAttributes": [
     {
      "value": "http://localhost:12346/vapiendpoint/health",
      "key": "cis.common.ep.localurl"
     }
    ],
    "sslTrust": "{ssltrust}"
   },
   {
    "endpointType": {
     "type": "com.vmware.vapi.vcenter",
     "protocol": "vapi.json.http"
    },
    "url": "http://localhost:12346/vcenter",
    "endpointAttributes": [
     {
      "value": "http://localhost:12346/vcenter",
      "key": "com.vmware.vapi.metadata.authentication.remote"
     },
     {
      "value": "http://localhost:12346/vcenter",
      "key": "com.vmware.vapi.metadata.routing.remote"
     },
     {
      "value": "http://localhost:12346/vcenter",
      "key": "com.vmware.vapi.metadata.metamodel.remote"
     },
     {
      "value": "http://localhost:12346/vcenter",
      "key": "com.vmware.vapi.metadata.cli.remote"
     }
    ],
    "sslTrust": "{ssltrust}"
   },
   {
    "endpointType": {
     "type": "com.vmware.vapi.endpoint",
     "protocol": "vapi.rest.https.public"
    },
    "url": "https://{pnid}:443/rest",
    "endpointAttributes": [
     {
      "value": "http://localhost:12346/rest",
      "key": "cis.common.ep.localurl"
     }
    ],
    "sslTrust": "{ssltrust}"
   },
   {
    "endpointType": {
     "type": "com.vmware.vapi.endpoint",
     "protocol": "vapi.json.http.public"
    },
    "url": "http://{pnid}:80/api",
    "endpointAttributes": [],
    "sslTrust": "{ssltrust}"
   },
   {
    "endpointType": {
     "type": "com.vmware.vapi.endpoint",
     "protocol": "vapi.json.http"
    },
    "url": "http://{pnid}:80/site/api",
    "endpointAttributes": [],
    "sslTrust": "{ssltrust}"
   },
   {
    "endpointType": {
     "type": "com.vmware.cis.common.resourcebundle",
     "protocol": "http"
    },
    "url": "https://{pnid}:443/vapiendpoint/resourcebundle",
    "endpointAttributes": [
     {
      "value": "http://localhost:12346/vapiendpoint/resourcebundle",
      "key": "cis.common.ep.localurl"
     },
     {
      "value": "cis.endpoint.ResourceBundle:cis.vapi.rest.ResourceBundle:cis.vapi.router.ResourceBundle:runtime:metadataservice:vcentershim",
      "key": "com.vmware.cis.common.resourcebundle.basename"
     }
    ],
    "sslTrust": "{ssltrust}"
   },
   {
    "endpointType": {
     "type": "com.vmware.vapi.endpoint",
     "protocol": "vapi.rest.https"
    },
    "url": "https://{pnid}:443/site/rest",
    "endpointAttributes": [
     {
      "value": "http://localhost:12346/site/rest",
      "key": "cis.common.ep.localurl"
     }
    ],
    "sslTrust": "{ssltrust}"
   },
   {
    "endpointType": {
     "type": "com.vmware.vapi.endpoint",
     "protocol": "vapi.json.https"
    },
    "url": "https://{pnid}:443/site/api",
    "endpointAttributes": [
     {
      "value": "http://localhost:12346/site/api",
      "key": "cis.common.ep.localurl"
     }
    ],
    "sslTrust": "{ssltrust}"
   }
  ],
  "serviceType": {
   "product": "com.vmware.cis",
   "type": "cs.vapi"
  },
  "nodeId": "{lduid}",
  "vendorNameResourceKey": "",
  "serviceNameResourceKey": "cis.vapi.endpoint.serviceNameResourceKey",
  "serviceId": "{serviceid}",
  "siteId": "{siteid}",
  "vendorProductInfoDefault": "",
  "serviceDescriptionResourceKey": "cis.vapi.endpoint.serviceDescriptionResourceKey",
  "vendorNameDefault": "",
  "serviceAttributes": [
   {
    "value": "com.vmware.vapi.endpoint",
    "key": "com.vmware.cis.cm.GroupInternalId"
   },
   {
    "value": "service-control-default-vmon",
    "key": "com.vmware.cis.cm.ControlScript"
   },
   {
    "value": "{machineid}",
    "key": "com.vmware.cis.cm.HostId"
   }
  ],
  "serviceVersion": "1.0",
  "serviceDescriptionDefault": "",
  "vendorProductInfoResourceKey": ""
 }
]