[
 {
  "vendorNameResourceKey": "",
  "serviceNameResourceKey": "cis.perfcharts.ServiceName",
  "serviceId": "{serviceid}",
  "serviceNameDefault": "",
  "serviceDescriptionResourceKey": "cis.perfcharts.ServiceDescription",
  "serviceAttributes": [
   {
    "key": "com.vmware.cis.cm.GroupInternalId",
    "value": "com.vmware.cis.perfcharts"
   },
   {
    "key": "com.vmware.cis.cm.ControlScript",
    "value": "service-control-default-vmon"
   },
   {
    "key": "com.vmware.cis.cm.HostId",
    "value": "{machineid}"
   }
  ],
  "vendorProductInfoResourceKey": "",
  "vendorProductInfoDefault": "",
  "ownerId": "vsphere-webclient-{machineid}@{domain_name}",
  "serviceVersion": "1.1",
  "serviceEndpoints": [
   {
    "sslTrust": "{ssltrust}",
    "endpointAttributes": [
     {
      "key": "cis.common.ep.localurl",
      "value": "http://localhost:13080/statsreport/resourcebundle"
     },
     {
      "key": "com.vmware.cis.common.resourcebundle.basename",
      "value": "com.vmware.vim.stats.webui.health.resources.ResourceBundle"
     }
    ],
    "endpointType": {
     "protocol": "http",
     "type": "com.vmware.cis.common.resourcebundle"
    },
    "url": "https://{pnid}:443/statsreport/resourcebundle"
   },
   {
    "sslTrust": "{ssltrust}",
    "endpointAttributes": [
     {
      "key": "cis.common.ep.localurl",
      "value": "http://localhost:13080/statsreport/topn"
     },
     {
      "key": "com.vmware.vapi.metadata.authentication.file.topn",
      "value": "/usr/lib/vmware-perfcharts/tc-instance/webapps/statsreport/WEB-INF/classes/metadata/com.vmware.vcenter.stats.topn_authentication.json"
     },
     {
      "key": "com.vmware.vapi.metadata.routing.file.topn",
      "value": "/usr/lib/vmware-perfcharts/tc-instance/webapps/statsreport/WEB-INF/classes/metadata/com.vmware.vcenter.stats.topn_routing.json"
     },
     {
      "key": "com.vmware.vapi.metadata.metamodel.file.topn",
      "value": "/usr/lib/vmware-perfcharts/tc-instance/webapps/statsreport/WEB-INF/classes/metadata/com.vmware.vcenter.stats.topn_metamodel.json"
     },
     {
      "key": "com.vmware.vapi.metadata.cli.file.topn",
      "value": "/usr/lib/vmware-perfcharts/tc-instance/webapps/statsreport/WEB-INF/classes/metadata/com.vmware.vcenter.stats.topn_cli.json"
     }
    ],
    "endpointType": {
     "protocol": "vapi.json.https",
     "type": "com.vmware.vcenter.stats.topn"
    },
    "url": "https://{pnid}:443/statsreport/topn"
   },
   {
    "sslTrust": "{ssltrust}",
    "endpointAttributes": [
     {
      "key": "cis.common.ep.localurl",
      "value": "http://localhost:13080/statsreport/healthstatus"
     }
    ],
    "endpointType": {
     "protocol": "rest",
     "type": "com.vmware.cis.common.healthstatus"
    },
    "url": "https://{pnid}:443/statsreport/healthstatus"
   },
   {
    "sslTrust": "{ssltrust}",
    "endpointAttributes": [
     {
      "key": "cis.common.ep.localurl",
      "value": "http://localhost:13080/statsreport/vicr.do"
     }
    ],
    "endpointType": {
     "protocol": "http",
     "type": "com.vmware.perfcharts.entry.url"
    },
    "url": "https://{pnid}:443/statsreport/vicr.do"
   }
  ],
  "nodeId": "{lduid}",
  "siteId": "{siteid}",
  "serviceDescriptionDefault": "",
  "serviceType": {
   "product": "com.vmware.cis",
   "type": "cs.perfcharts"
  },
  "vendorNameDefault": ""
 },
 {
  "vendorNameResourceKey": "",
  "serviceNameResourceKey": "",
  "serviceId": "{serviceid}",
  "serviceNameDefault": "",
  "serviceDescriptionResourceKey": "",
  "serviceAttributes": [],
  "vendorProductInfoResourceKey": "",
  "vendorProductInfoDefault": "",
  "ownerId": "vpxd-extension-{machineid}@{domain_name}",
  "serviceVersion": "6.7.0.42538",
  "serviceEndpoints": [
   {
    "sslTrust": "{ssltrust}",
    "endpointAttributes": [
     {
      "key": "company",
      "value": "VMware, Inc"
     },
     {
      "key": "adminEmail",
      "value": "noreply@vmware.com"
     }
    ],
    "endpointType": {
     "protocol": "https",
     "type": "com.vmware.vcIntegrity"
    },
    "url": "https://{pnid}:8084/vci/sdk"
   },
   {
    "sslTrust": "{ssltrust}",
    "endpointAttributes": [
     {
      "key": "company",
      "value": "VMware, Inc"
     },
     {
      "key": "adminEmail",
      "value": "noreply@vmware.com"
     }
    ],
    "endpointType": {
     "protocol": "http",
     "type": "com.vmware.cis.vsphereclient.plugin"
    },
    "url": "https://{pnid}:9087/vci/downloads/vum-htmlclient.zip"
   },
   {
    "sslTrust": "{ssltrust}",
    "endpointAttributes": [
     {
      "key": "company",
      "value": "VMware, Inc"
     },
     {
      "key": "adminEmail",
      "value": "noreply@vmware.com"
     }
    ],
    "endpointType": {
     "protocol": "rest",
     "type": "com.vmware.cis.common.healthstatus"
    },
    "url": "http://{pnid}:9084/vci/downloads/health.xml"
   },
   {
    "sslTrust": "{ssltrust}",
    "endpointAttributes": [
     {
      "key": "com.vmware.cis.common.resourcebundle.basename",
      "value": "updatemgr.task:updatemgr.event:updatemgr.fault:updatemgr.extension:updatemgr.auth:updatemgr.locmsg:"
     },
     {
      "key": "company",
      "value": "VMware, Inc"
     },
     {
      "key": "adminEmail",
      "value": "noreply@vmware.com"
     }
    ],
    "endpointType": {
     "protocol": "http",
     "type": "com.vmware.cis.common.resourcebundle"
    },
    "url": "https://{pnid}:443/sca/resourcebundle/updatemgrResourceBundle.zip"
   }
  ],
  "nodeId": "{lduid}",
  "siteId": "{siteid}",
  "serviceDescriptionDefault": "",
  "serviceType": {
   "product": "com.vmware.vum",
   "type": "client"
  },
  "vendorNameDefault": ""
 },
 {
  "vendorNameResourceKey": "",
  "serviceNameResourceKey": "Mixed Mode Support plugin",
  "serviceId": "{serviceid}",
  "serviceNameDefault": "",
  "serviceDescriptionResourceKey": "Mixed Mode Support plugin",
  "serviceAttributes": [
   {
    "key": "com.vmware.cis.cm.HostId",
    "value": "{machineid}"
   }
  ],
  "vendorProductInfoResourceKey": "",
  "vendorProductInfoDefault": "",
  "ownerId": "vsphere-webclient-{machineid}@{domain_name}",
  "serviceVersion": "6.5.0",
  "serviceEndpoints": [
   {
    "sslTrust": "{ssltrust}",
    "endpointAttributes": [],
    "endpointType": {
     "protocol": "http",
     "type": "com.vmware.cis.vsphereclient.plugin"
    },
    "url": "https://{pnid}:443/vsphere-client/mixed-mode-support-plugin.zip"
   }
  ],
  "nodeId": "{lduid}",
  "siteId": "{siteid}",
  "serviceDescriptionDefault": "",
  "serviceType": {
   "product": "com.vmware.fallback",
   "type": "mixed"
  },
  "vendorNameDefault": ""
 },
 {
  "vendorNameResourceKey": "",
  "serviceNameResourceKey": "",
  "serviceId": "{serviceid}",
  "serviceNameDefault": "",
  "serviceDescriptionResourceKey": "",
  "serviceAttributes": [
   {
    "key": "com.vmware.cis.cm.ControlScript",
    "value": "service-control-default-vmon"
   },
   {
    "key": "com.vmware.cis.cm.HostId",
    "value": "{machineid}"
   }
  ],
  "vendorProductInfoResourceKey": "",
  "vendorProductInfoDefault": "",
  "ownerId": "vpxd-extension-{machineid}@{domain_name}",
  "serviceVersion": "1.0",
  "serviceEndpoints": [
   {
    "sslTrust": "{ssltrust}",
    "endpointAttributes": [
     {
      "key": "cis.common.ep.localurl",
      "value": "http://localhost:8090/vsandp"
     }
    ],
    "endpointType": {
     "protocol": "vmomi",
     "type": "com.vmware.vsandp.dps"
    },
    "url": "https://{pnid}:443/vsandp"
   }
  ],
  "nodeId": "{lduid}",
  "siteId": "{siteid}",
  "serviceDescriptionDefault": "",
  "serviceType": {
   "product": "com.vmware.vsandp.dps",
   "type": "vsan-dps"
  },
  "vendorNameDefault": ""
 },
 {
  "vendorNameResourceKey": "",
  "serviceNameResourceKey": "com.vmware.imagebuilder.label",
  "serviceId": "{serviceid}",
  "serviceNameDefault": "",
  "serviceDescriptionResourceKey": "com.vmware.imagebuilder.summary",
  "serviceAttributes": [
   {
    "key": "com.vmware.cis.cm.ControlScript",
    "value": "service-control-default-vmon"
   },
   {
    "key": "com.vmware.cis.cm.HostId",
    "value": "{machineid}"
   }
  ],
  "vendorProductInfoResourceKey": "",
  "vendorProductInfoDefault": "",
  "ownerId": "vpxd-extension-{machineid}@{domain_name}",
  "serviceVersion": "6.7",
  "serviceEndpoints": [
   {
    "sslTrust": "{ssltrust}",
    "endpointAttributes": [
     {
      "key": "com.vmware.cis.common.resourcebundle.basename",
      "value": "imagebuilder.ResourceBundle"
     },
     {
      "key": "company",
      "value": "VMware, Inc"
     },
     {
      "key": "adminEmail",
      "value": "noreply@vmware.com"
     }
    ],
    "endpointType": {
     "protocol": "http",
     "type": "com.vmware.cis.common.resourcebundle"
    },
    "url": "https://{pnid}:443/sca/resourcebundle/imagebuilderResourceBundle.zip"
   },
   {
    "sslTrust": "{ssltrust}",
    "endpointAttributes": [
     {
      "key": "cis.common.ep.localurl",
      "value": "http://localhost:8098/vmw/imagebuilder/vmomi"
     },
     {
      "key": "company",
      "value": "VMware, Inc"
     },
     {
      "key": "adminEmail",
      "value": "noreply@vmware.com"
     }
    ],
    "endpointType": {
     "protocol": "https",
     "type": "com.vmware.imagebuilder"
    },
    "url": "https://{pnid}:443/vmw/imagebuilder/vmomi"
   },
   {
    "sslTrust": "{ssltrust}",
    "endpointAttributes": [
     {
      "key": "cis.common.ep.localurl",
      "value": "http://localhost:8099/vmw/imagebuilder/httpd/upload-depot"
     },
     {
      "key": "company",
      "value": "VMware, Inc"
     },
     {
      "key": "adminEmail",
      "value": "noreply@vmware.com"
     }
    ],
    "endpointType": {
     "protocol": "https",
     "type": "com.vmware.imagebuilder.upload-depot"
    },
    "url": "https://{pnid}:443/vmw/imagebuilder/httpd/upload-depot"
   },
   {
    "sslTrust": "{ssltrust}",
    "endpointAttributes": [
     {
      "key": "cis.common.ep.localurl",
      "value": "http://localhost:8099/vmw/imagebuilder/httpd/autodeploy-modules-plugins.zip"
     },
     {
      "key": "company",
      "value": "VMware, Inc"
     },
     {
      "key": "adminEmail",
      "value": "noreply@vmware.com"
     }
    ],
    "endpointType": {
     "protocol": "http",
     "type": "com.vmware.cis.vsphereclient.plugin"
    },
    "url": "https://{pnid}:443/vmw/imagebuilder/httpd/autodeploy-modules-plugins.zip"
   },
   {
    "sslTrust": "{ssltrust}",
    "endpointAttributes": [
     {
      "key": "cis.common.ep.localurl",
      "value": "http://localhost:8099/vmw/imagebuilder/httpd/healthstatus"
     },
     {
      "key": "company",
      "value": "VMware, Inc"
     },
     {
      "key": "adminEmail",
      "value": "noreply@vmware.com"
     }
    ],
    "endpointType": {
     "protocol": "rest",
     "type": "com.vmware.cis.common.healthstatus"
    },
    "url": "https://{pnid}:443/vmw/imagebuilder/httpd/healthstatus"
   }
  ],
  "nodeId": "{lduid}",
  "siteId": "{siteid}",
  "serviceDescriptionDefault": "",
  "serviceType": {
   "product": "com.vmware.imagebuilder",
   "type": "imagebuilder"
  },
  "vendorNameDefault": ""
 },
 {
  "vendorNameResourceKey": "",
  "serviceNameResourceKey": "cis.vapi.endpoint.serviceNameResourceKey",
  "serviceId": "{serviceid}",
  "serviceNameDefault": "",
  "serviceDescriptionResourceKey": "cis.vapi.endpoint.serviceDescriptionResourceKey",
  "serviceAttributes": [
   {
    "key": "com.vmware.cis.cm.GroupInternalId",
    "value": "com.vmware.vapi.endpoint"
   },
   {
    "key": "com.vmware.cis.cm.ControlScript",
    "value": "service-control-default-vmon"
   },
   {
    "key": "com.vmware.cis.cm.HostId",
    "value": "{machineid}"
   }
  ],
  "vendorProductInfoResourceKey": "",
  "vendorProductInfoDefault": "",
  "ownerId": "vsphere-webclient-{machineid}@{domain_name}",
  "serviceVersion": "1.0",
  "serviceEndpoints": [
   {
    "sslTrust": "{ssltrust}",
    "endpointAttributes": [],
    "endpointType": {
     "protocol": "vapi.rest.http.public",
     "type": "com.vmware.vapi.endpoint"
    },
    "url": "http://{pnid}:80/rest"
   },
   {
    "sslTrust": "{ssltrust}",
    "endpointAttributes": [
     {
      "key": "cis.common.ep.localurl",
      "value": "http://localhost:12346/api"
     }
    ],
    "endpointType": {
     "protocol": "vapi.json.https.public",
     "type": "com.vmware.vapi.endpoint"
    },
    "url": "https://{pnid}:443/api"
   },
   {
    "sslTrust": "{ssltrust}",
    "endpointAttributes": [
     {
      "key": "cis.common.ep.localurl",
      "value": "http://localhost:12346/rest"
     }
    ],
    "endpointType": {
     "protocol": "vapi.rest.https.public",
     "type": "com.vmware.vapi.endpoint"
    },
    "url": "https://{pnid}:443/rest"
   },
   {
    "sslTrust": "{ssltrust}",
    "endpointAttributes": [],
    "endpointType": {
     "protocol": "vapi.rest.http",
     "type": "com.vmware.vapi.endpoint"
    },
    "url": "http://{pnid}:80/site/rest"
   },
   {
    "sslTrust": "{ssltrust}",
    "endpointAttributes": [
     {
      "key": "cis.common.ep.localurl",
      "value": "http://localhost:12346/site/rest"
     }
    ],
    "endpointType": {
     "protocol": "vapi.rest.https",
     "type": "com.vmware.vapi.endpoint"
    },
    "url": "https://{pnid}:443/site/rest"
   },
   {
    "sslTrust": "{ssltrust}",
    "endpointAttributes": [],
    "endpointType": {
     "protocol": "vapi.json.http.public",
     "type": "com.vmware.vapi.endpoint"
    },
    "url": "http://{pnid}:80/api"
   },
   {
    "sslTrust": "{ssltrust}",
    "endpointAttributes": [
     {
      "key": "cis.common.ep.localurl",
      "value": "http://localhost:12346/vapiendpoint/resourcebundle"
     },
     {
      "key": "com.vmware.cis.common.resourcebundle.basename",
      "value": "cis.endpoint.ResourceBundle:cis.vapi.rest.ResourceBundle:cis.vapi.router.ResourceBundle:runtime:metadataservice:vcentershim"
     }
    ],
    "endpointType": {
     "protocol": "http",
     "type": "com.vmware.cis.common.resourcebundle"
    },
    "url": "https://{pnid}:443/vapiendpoint/resourcebundle"
   },
   {
    "sslTrust": "{ssltrust}",
    "endpointAttributes": [],
    "endpointType": {
     "protocol": "vapi.json.http",
     "type": "com.vmware.vapi.endpoint"
    },
    "url": "http://{pnid}:80/site/api"
   },
   {
    "sslTrust": "{ssltrust}",
    "endpointAttributes": [
     {
      "key": "cis.common.ep.localurl",
      "value": "http://localhost:12346/site/api"
     }
    ],
    "endpointType": {
     "protocol": "vapi.json.https",
     "type": "com.vmware.vapi.endpoint"
    },
    "url": "https://{pnid}:443/site/api"
   },
   {
    "sslTrust": "{ssltrust}",
    "endpointAttributes": [
     {
      "key": "cis.common.ep.localurl",
      "value": "http://localhost:12346/vapiendpoint/health"
     }
    ],
    "endpointType": {
     "protocol": "rest",
     "type": "com.vmware.cis.common.healthstatus"
    },
    "url": "https://{pnid}:443/vapiendpoint/health"
   },
   {
    "sslTrust": "{ssltrust}",
    "endpointAttributes": [
     {
      "key": "com.vmware.vapi.metadata.authentication.remote",
      "value": "http://localhost:12346/vcenter"
     },
     {
      "key": "com.vmware.vapi.metadata.routing.remote",
      "value": "http://localhost:12346/vcenter"
     },
     {
      "key": "com.vmware.vapi.metadata.metamodel.remote",
      "value": "http://localhost:12346/vcenter"
     },
     {
      "key": "com.vmware.vapi.metadata.cli.remote",
      "value": "http://localhost:12346/vcenter"
     }
    ],
    "endpointType": {
     "protocol": "vapi.json.http",
     "type": "com.vmware.vapi.vcenter"
    },
    "url": "http://localhost:12346/vcenter"
   }
  ],
  "nodeId": "{lduid}",
  "siteId": "{siteid}",
  "serviceDescriptionDefault": "",
  "serviceType": {
   "product": "com.vmware.cis",
   "type": "cs.vapi"
  },
  "vendorNameDefault": ""
 },
 {
  "vendorNameResourceKey": "",
  "serviceNameResourceKey": "cis.eam.ServiceName",
  "serviceId": "{serviceid}",
  "serviceNameDefault": "",
  "serviceDescriptionResourceKey": "cis.eam.ServiceDescription",
  "serviceAttributes": [
   {
    "key": "com.vmware.cis.cm.ControlScript",
    "value": "service-control-default-vmon"
   },
   {
    "key": "com.vmware.cis.cm.GroupResourceKey",
    "value": "cis.eam.ServiceGroup"
   },
   {
    "key": "com.vmware.cis.cm.HostId",
    "value": "{machineid}"
   }
  ],
  "vendorProductInfoResourceKey": "",
  "vendorProductInfoDefault": "",
  "ownerId": "vpxd-extension-{machineid}@{domain_name}",
  "serviceVersion": "1.0",
  "serviceEndpoints": [
   {
    "sslTrust": "{ssltrust}",
    "endpointAttributes": [
     {
      "key": "cis.common.ep.localurl",
      "value": "http://localhost:15005/eam/healthstatus"
     }
    ],
    "endpointType": {
     "protocol": "rest",
     "type": "com.vmware.cis.common.healthstatus"
    },
    "url": "https://{pnid}:443/eam/healthstatus"
   },
   {
    "sslTrust": "{ssltrust}",
    "endpointAttributes": [
     {
      "key": "cis.common.ep.localurl",
      "value": "http://localhost:15005/eam/resourcebundle.jar"
     },
     {
      "key": "com.vmware.cis.common.resourcebundle.basename",
      "value": "cis.eam.ResourceBundle"
     }
    ],
    "endpointType": {
     "protocol": "http",
     "type": "com.vmware.cis.common.resourcebundle"
    },
    "url": "https://{pnid}:443/eam/resourcebundle.jar"
   },
   {
    "sslTrust": "{ssltrust}",
    "endpointAttributes": [
     {
      "key": "cis.common.ep.localurl",
      "value": "http://localhost:15005/eam/sdk"
     }
    ],
    "endpointType": {
     "protocol": "vmomi",
     "type": "com.vmware.cis.cs.eam.sdk"
    },
    "url": "https://{pnid}:443/eam/sdk"
   }
  ],
  "nodeId": "{lduid}",
  "siteId": "{siteid}",
  "serviceDescriptionDefault": "",
  "serviceType": {
   "product": "com.vmware.cis",
   "type": "cs.eam"
  },
  "vendorNameDefault": ""
 },
 {
  "vendorNameResourceKey": "",
  "serviceNameResourceKey": "com.vmware.vsan-health.label",
  "serviceId": "{serviceid}",
  "serviceNameDefault": "",
  "serviceDescriptionResourceKey": "com.vmware.vsan-health.summary",
  "serviceAttributes": [
   {
    "key": "com.vmware.cis.cm.ControlScript",
    "value": "service-control-default-vmon"
   },
   {
    "key": "com.vmware.cis.cm.HostId",
    "value": "{machineid}"
   }
  ],
  "vendorProductInfoResourceKey": "",
  "vendorProductInfoDefault": "",
  "ownerId": "vpxd-extension-{machineid}@{domain_name}",
  "serviceVersion": "6.0.0",
  "serviceEndpoints": [
   {
    "sslTrust": "{ssltrust}",
    "endpointAttributes": [
     {
      "key": "com.vmware.cis.common.resourcebundle.basename",
      "value": "vsanhealth.ResourceBundle"
     },
     {
      "key": "company",
      "value": "VMware, Inc"
     },
     {
      "key": "adminEmail",
      "value": "noreply@vmware.com"
     }
    ],
    "endpointType": {
     "protocol": "http",
     "type": "com.vmware.cis.common.resourcebundle"
    },
    "url": "https://{pnid}:443/sca/resourcebundle/vsanhealthResourceBundle.zip"
   },
   {
    "sslTrust": "{ssltrust}",
    "endpointAttributes": [
     {
      "key": "cis.common.ep.localurl",
      "value": "http://localhost:80/vsanHealth"
     },
     {
      "key": "company",
      "value": "VMware, Inc"
     },
     {
      "key": "adminEmail",
      "value": "noreply@vmware.com"
     }
    ],
    "endpointType": {
     "protocol": "https",
     "type": "com.vmware.vsan-health"
    },
    "url": "https://{pnid}:443/vsanHealth"
   },
   {
    "sslTrust": "{ssltrust}",
    "endpointAttributes": [
     {
      "key": "cis.common.ep.localurl",
      "value": "http://localhost:8006/vsanHealth/health"
     },
     {
      "key": "company",
      "value": "VMware, Inc"
     },
     {
      "key": "adminEmail",
      "value": "noreply@vmware.com"
     }
    ],
    "endpointType": {
     "protocol": "rest",
     "type": "com.vmware.cis.common.healthstatus"
    },
    "url": "https://{pnid}:443/vsanHealth/health"
   }
  ],
  "nodeId": "{lduid}",
  "siteId": "{siteid}",
  "serviceDescriptionDefault": "",
  "serviceType": {
   "product": "com.vmware.vsan-health",
   "type": "vsan-health"
  },
  "vendorNameDefault": ""
 },
 {
  "vendorNameResourceKey": "",
  "serviceNameResourceKey": "",
  "serviceId": "{serviceid}",
  "serviceNameDefault": "",
  "serviceDescriptionResourceKey": "",
  "serviceAttributes": [
   {
    "key": "com.vmware.cis.cm.HostId",
    "value": "{machineid}"
   }
  ],
  "vendorProductInfoResourceKey": "",
  "vendorProductInfoDefault": "",
  "ownerId": "vsphere-webclient-{machineid}@{domain_name}",
  "serviceVersion": "1.0",
  "serviceEndpoints": [
   {
    "sslTrust": "{ssltrust}",
    "endpointAttributes": [
     {
      "key": "cis.common.ep.localurl",
      "value": "http://localhost:9090/ds/vapi"
     },
     {
      "key": "com.vmware.vapi.metadata.metamodel.file",
      "value": "/usr/lib/vmware-vsphere-client/metadata/DataService_metamodel.json"
     },
     {
      "key": "com.vmware.vapi.metadata.authentication.file",
      "value": "/usr/lib/vmware-vsphere-client/metadata/DataService_authentication.json"
     }
    ],
    "endpointType": {
     "protocol": "vapi.json.https",
     "type": "com.vmware.cis.ds.https"
    },
    "url": "https://{pnid}:443/ds/vapi"
   }
  ],
  "nodeId": "{lduid}",
  "siteId": "{siteid}",
  "serviceDescriptionDefault": "",
  "serviceType": {
   "product": "com.vmware.cis",
   "type": "cs.ds"
  },
  "vendorNameDefault": ""
 },
 {
  "vendorNameResourceKey": "",
  "serviceNameResourceKey": "cis.vsm.ServiceName",
  "serviceId": "{serviceid}",
  "serviceNameDefault": "",
  "serviceDescriptionResourceKey": "cis.vsm.ServiceDescription",
  "serviceAttributes": [
   {
    "key": "com.vmware.cis.cm.ControlScript",
    "value": "service-control-default-vmon"
   },
   {
    "key": "com.vmware.cis.cm.GroupResourceKey",
    "value": "cis.vsm.ServiceGroup"
   },
   {
    "key": "com.vmware.cis.cm.HostId",
    "value": "{machineid}"
   }
  ],
  "vendorProductInfoResourceKey": "",
  "vendorProductInfoDefault": "",
  "ownerId": "vpxd-extension-{machineid}@{domain_name}",
  "serviceVersion": "1.0",
  "serviceEndpoints": [
   {
    "sslTrust": "{ssltrust}",
    "endpointAttributes": [
     {
      "key": "cis.common.ep.localurl",
      "value": "http://localhost:15007/vsm/resourcebundle"
     },
     {
      "key": "com.vmware.cis.common.resourcebundle.basename",
      "value": "cis.vsm.ResourceBundle"
     }
    ],
    "endpointType": {
     "protocol": "http",
     "type": "com.vmware.cis.common.resourcebundle"
    },
    "url": "https://{pnid}:443/vsm/resourcebundle"
   },
   {
    "sslTrust": "{ssltrust}",
    "endpointAttributes": [
     {
      "key": "cis.common.ep.localurl",
      "value": "http://localhost:15007/vsm/sdk"
     }
    ],
    "endpointType": {
     "protocol": "vmomi",
     "type": "com.vmware.cis.cs.vsm.sdk"
    },
    "url": "https://{pnid}:443/vsm/sdk"
   },
   {
    "sslTrust": "{ssltrust}",
    "endpointAttributes": [
     {
      "key": "cis.common.ep.localurl",
      "value": "http://localhost:15007/vsm/healthstatus"
     }
    ],
    "endpointType": {
     "protocol": "rest",
     "type": "com.vmware.cis.common.healthstatus"
    },
    "url": "https://{pnid}:443/vsm/healthstatus"
   }
  ],
  "nodeId": "{lduid}",
  "siteId": "{siteid}",
  "serviceDescriptionDefault": "",
  "serviceType": {
   "product": "com.vmware.cis",
   "type": "cs.vsm"
  },
  "vendorNameDefault": ""
 },
 {
  "vendorNameResourceKey": "",
  "serviceNameResourceKey": "cs.inventory.ServiceName",
  "serviceId": "{serviceid}",
  "serviceNameDefault": "",
  "serviceDescriptionResourceKey": "cs.inventory.ServiceDescription",
  "serviceAttributes": [
   {
    "key": "com.vmware.cis.cm.GroupInternalId",
    "value": "cs"
   },
   {
    "key": "com.vmware.cis.cm.ControlScript",
    "value": "service-control-default-vmon"
   },
   {
    "key": "com.vmware.cis.cm.GroupResourceKey",
    "value": "cs.inventory.servicegroupresource"
   },
   {
    "key": "com.vmware.cis.cm.HostId",
    "value": "{machineid}"
   }
  ],
  "vendorProductInfoResourceKey": "",
  "vendorProductInfoDefault": "",
  "ownerId": "vpxd-extension-{machineid}@{domain_name}",
  "serviceVersion": "1.0",
  "serviceEndpoints": [
   {
    "sslTrust": "{ssltrust}",
    "endpointAttributes": [
     {
      "key": "cis.common.ep.localurl",
      "value": "http://localhost:10080/invsvc/vmomi/sdk"
     }
    ],
    "endpointType": {
     "protocol": "vmomi",
     "type": "com.vmware.cis.tagging.server"
    },
    "url": "https://{pnid}:443/invsvc/vmomi/sdk"
   },
   {
    "sslTrust": "{ssltrust}",
    "endpointAttributes": [
     {
      "key": "cis.common.ep.localurl",
      "value": "http://localhost:10080/invsvc/invsvc-resource"
     },
     {
      "key": "com.vmware.cis.common.resourcebundle.basename",
      "value": "cs.inventory.ResourceBundle"
     }
    ],
    "endpointType": {
     "protocol": "http",
     "type": "com.vmware.cis.common.resourcebundle"
    },
    "url": "https://{pnid}:443/invsvc/invsvc-resource"
   },
   {
    "sslTrust": "{ssltrust}",
    "endpointAttributes": [
     {
      "key": "cis.common.ep.localurl",
      "value": "http://localhost:10080/invsvc/vmomi/sdk"
     }
    ],
    "endpointType": {
     "protocol": "vmomi",
     "type": "com.vmware.cis.inventory.server"
    },
    "url": "https://{pnid}:443/invsvc/vmomi/sdk"
   },
   {
    "sslTrust": "{ssltrust}",
    "endpointAttributes": [
     {
      "key": "cis.common.ep.localurl",
      "value": "http://localhost:10080/invsvc"
     }
    ],
    "endpointType": {
     "protocol": "http",
     "type": "com.vmware.cis.inventory"
    },
    "url": "https://{pnid}:443/invsvc"
   },
   {
    "sslTrust": "{ssltrust}",
    "endpointAttributes": [
     {
      "key": "cis.common.ep.localurl",
      "value": "http://localhost:10080/invsvc/invsvc-health"
     }
    ],
    "endpointType": {
     "protocol": "rest",
     "type": "com.vmware.cis.common.healthstatus"
    },
    "url": "https://{pnid}:443/invsvc/invsvc-health"
   },
   {
    "sslTrust": "{ssltrust}",
    "endpointAttributes": [
     {
      "key": "cis.common.ep.localurl",
      "value": "http://localhost:10080/invsvc/vapi"
     },
     {
      "key": "com.vmware.vapi.metadata.metamodel.file.authz",
      "value": "/usr/lib/vmware-vpxd-svcs/vapi-metadata/authz/authz_metamodel.json"
     },
     {
      "key": "com.vmware.vapi.metadata.metamodel.file.tagging",
      "value": "/usr/lib/vmware-vpxd-svcs/vapi-metadata/tagging/com.vmware.cis.tagging_metamodel.json"
     },
     {
      "key": "com.vmware.vapi.metadata.authentication.file.authz",
      "value": "/usr/lib/vmware-vpxd-svcs/vapi-metadata/authz/authz_authentication.json"
     },
     {
      "key": "com.vmware.vapi.metadata.routing.file.authz",
      "value": "/usr/lib/vmware-vpxd-svcs/vapi-metadata/authz/authz_routing.json"
     },
     {
      "key": "com.vmware.vapi.metadata.authentication.file.tagging",
      "value": "/usr/lib/vmware-vpxd-svcs/vapi-metadata/tagging/com.vmware.cis.tagging_authentication.json"
     },
     {
      "key": "com.vmware.vapi.metadata.cli.file.tagging",
      "value": "/usr/lib/vmware-vpxd-svcs/vapi-metadata/tagging/com.vmware.cis.tagging_cli.json"
     }
    ],
    "endpointType": {
     "protocol": "vapi.json.https",
     "type": "com.vmware.cis.inventory.vapi"
    },
    "url": "https://{pnid}:443/invsvc/vapi"
   }
  ],
  "nodeId": "{lduid}",
  "siteId": "{siteid}",
  "serviceDescriptionDefault": "",
  "serviceType": {
   "product": "com.vmware.cis",
   "type": "cs.inventory"
  },
  "vendorNameDefault": ""
 },
 {
  "vendorNameResourceKey": "",
  "serviceNameResourceKey": "cis.rbd.ServiceName",
  "serviceId": "{serviceid}",
  "serviceNameDefault": "",
  "serviceDescriptionResourceKey": "cis.rbd.ServiceDescription",
  "serviceAttributes": [
   {
    "key": "com.vmware.cis.cm.ControlScript",
    "value": "service-control-default-vmon"
   },
   {
    "key": "com.vmware.cis.cm.HostId",
    "value": "{machineid}"
   }
  ],
  "vendorProductInfoResourceKey": "",
  "vendorProductInfoDefault": "",
  "ownerId": "vpxd-extension-{machineid}@{domain_name}",
  "serviceVersion": "6.7",
  "serviceEndpoints": [
   {
    "sslTrust": "{ssltrust}",
    "endpointAttributes": [
     {
      "key": "company",
      "value": "VMware, Inc"
     },
     {
      "key": "adminEmail",
      "value": "noreply@vmware.com"
     }
    ],
    "endpointType": {
     "protocol": "vmomi",
     "type": "com.vmware.rbd"
    },
    "url": "https://{pnid}:6502/sdk"
   },
   {
    "sslTrust": "{ssltrust}",
    "endpointAttributes": [
     {
      "key": "com.vmware.cis.common.resourcebundle.basename",
      "value": "rbd.ResourceBundle"
     },
     {
      "key": "company",
      "value": "VMware, Inc"
     },
     {
      "key": "adminEmail",
      "value": "noreply@vmware.com"
     }
    ],
    "endpointType": {
     "protocol": "http",
     "type": "com.vmware.cis.common.resourcebundle"
    },
    "url": "https://{pnid}:443/sca/resourcebundle/rbdResourceBundle.zip"
   },
   {
    "sslTrust": "{ssltrust}",
    "endpointAttributes": [
     {
      "key": "company",
      "value": "VMware, Inc"
     },
     {
      "key": "adminEmail",
      "value": "noreply@vmware.com"
     }
    ],
    "endpointType": {
     "protocol": "https",
     "type": "com.vmware.rbd"
    },
    "url": "https://{pnid}:6502/vmw/rbd"
   },
   {
    "sslTrust": "{ssltrust}",
    "endpointAttributes": [
     {
      "key": "company",
      "value": "VMware, Inc"
     },
     {
      "key": "adminEmail",
      "value": "noreply@vmware.com"
     }
    ],
    "endpointType": {
     "protocol": "rest",
     "type": "com.vmware.cis.common.healthstatus"
    },
    "url": "https://{pnid}:6502/vmw/rbd/healthStatus"
   }
  ],
  "nodeId": "{lduid}",
  "siteId": "{siteid}",
  "serviceDescriptionDefault": "",
  "serviceType": {
   "product": "com.vmware.rbd",
   "type": "rbd"
  },
  "vendorNameDefault": ""
 },
 {
  "vendorNameResourceKey": "",
  "serviceNameResourceKey": "cs.authorization.servicenameresource",
  "serviceId": "{serviceid}",
  "serviceNameDefault": "",
  "serviceDescriptionResourceKey": "cs.authorization.servicedescriptionresource",
  "serviceAttributes": [
   {
    "key": "com.vmware.cis.cm.GroupInternalId",
    "value": "cs"
   },
   {
    "key": "com.vmware.cis.cm.ControlScript",
    "value": "service-control-default-vmon"
   },
   {
    "key": "com.vmware.cis.cm.GroupResourceKey",
    "value": "cs.authorization.servicegroupresource"
   },
   {
    "key": "com.vmware.cis.cm.HostId",
    "value": "{machineid}"
   }
  ],
  "vendorProductInfoResourceKey": "",
  "vendorProductInfoDefault": "",
  "ownerId": "vpxd-extension-{machineid}@{domain_name}",
  "serviceVersion": "1.0",
  "serviceEndpoints": [
   {
    "sslTrust": "{ssltrust}",
    "endpointAttributes": [],
    "endpointType": {
     "protocol": "vmomi",
     "type": "com.vmware.cis.authorization.server"
    },
    "url": "https://{pnid}:443/invsvc/vmomi/sdk"
   },
   {
    "sslTrust": "{ssltrust}",
    "endpointAttributes": [
     {
      "key": "com.vmware.cis.common.resourcebundle.basename",
      "value": "cs.authorization.ResourceBundle"
     }
    ],
    "endpointType": {
     "protocol": "http",
     "type": "com.vmware.cis.common.resourcebundle"
    },
    "url": "https://{pnid}:443/invsvc/authz-resource"
   },
   {
    "sslTrust": "{ssltrust}",
    "endpointAttributes": [],
    "endpointType": {
     "protocol": "rest",
     "type": "com.vmware.cis.common.healthstatus"
    },
    "url": "https://{pnid}:443/invsvc/authz-health"
   },
   {
    "sslTrust": "{ssltrust}",
    "endpointAttributes": [],
    "endpointType": {
     "protocol": "http",
     "type": "com.vmware.cis.authorization"
    },
    "url": "https://{pnid}:443/invsvc"
   }
  ],
  "nodeId": "{lduid}",
  "siteId": "{siteid}",
  "serviceDescriptionDefault": "",
  "serviceType": {
   "product": "com.vmware.cis",
   "type": "cs.authorization"
  },
  "vendorNameDefault": ""
 },
 {
  "vendorNameResourceKey": "",
  "serviceNameResourceKey": "cs.keyvalue.servicenameresource",
  "serviceId": "{serviceid}",
  "serviceNameDefault": "",
  "serviceDescriptionResourceKey": "cs.keyvalue.servicedescriptionresource",
  "serviceAttributes": [
   {
    "key": "com.vmware.cis.cm.GroupInternalId",
    "value": "cs"
   },
   {
    "key": "com.vmware.cis.cm.ControlScript",
    "value": "service-control-default-vmon"
   },
   {
    "key": "com.vmware.cis.cm.GroupResourceKey",
    "value": "cs.keyvalue.servicegroupresource"
   },
   {
    "key": "com.vmware.cis.cm.HostId",
    "value": "{machineid}"
   }
  ],
  "vendorProductInfoResourceKey": "",
  "vendorProductInfoDefault": "",
  "ownerId": "vpxd-extension-{machineid}@{domain_name}",
  "serviceVersion": "1.0",
  "serviceEndpoints": [
   {
    "sslTrust": "{ssltrust}",
    "endpointAttributes": [
     {
      "key": "cis.common.ep.localurl",
      "value": "http://localhost:10080/invsvc"
     }
    ],
    "endpointType": {
     "protocol": "http",
     "type": "com.vmware.cis.kv.client"
    },
    "url": "https://{pnid}:443/invsvc"
   },
   {
    "sslTrust": "{ssltrust}",
    "endpointAttributes": [],
    "endpointType": {
     "protocol": "rest",
     "type": "com.vmware.cis.common.healthstatus"
    },
    "url": "https://{pnid}:443/invsvc/kv-health"
   },
   {
    "sslTrust": "{ssltrust}",
    "endpointAttributes": [],
    "endpointType": {
     "protocol": "vmomi",
     "type": "com.vmware.cis.kv.server"
    },
    "url": "https://{pnid}:443/invsvc/vmomi/sdk"
   },
   {
    "sslTrust": "{ssltrust}",
    "endpointAttributes": [
     {
      "key": "com.vmware.cis.common.resourcebundle.basename",
      "value": "cs.keyvalue.ResourceBundle"
     }
    ],
    "endpointType": {
     "protocol": "http",
     "type": "com.vmware.cis.common.resourcebundle"
    },
    "url": "https://{pnid}:443/invsvc/kv-resource"
   }
  ],
  "nodeId": "{lduid}",
  "siteId": "{siteid}",
  "serviceDescriptionDefault": "",
  "serviceType": {
   "product": "com.vmware.cis",
   "type": "cs.keyvalue"
  },
  "vendorNameDefault": ""
 },
 {
  "vendorNameResourceKey": "",
  "serviceNameResourceKey": "cis.content-library.ServiceName",
  "serviceId": "{serviceid}",
  "serviceNameDefault": "",
  "serviceDescriptionResourceKey": "cis.content-library.ServiceDescription",
  "serviceAttributes": [
   {
    "key": "com.vmware.cis.cm.GroupInternalId",
    "value": "com.vmware.cis.cls"
   },
   {
    "key": "com.vmware.cis.cm.ControlScript",
    "value": "service-control-default-vmon"
   },
   {
    "key": "com.vmware.cis.cm.GroupResourceKey",
    "value": "com.vmware.vdcs.cls-main.service_group_resource_key"
   },
   {
    "key": "com.vmware.cis.cm.HostId",
    "value": "{machineid}"
   }
  ],
  "vendorProductInfoResourceKey": "",
  "vendorProductInfoDefault": "",
  "ownerId": "vpxd-extension-{machineid}@{domain_name}",
  "serviceVersion": "1.0",
  "serviceEndpoints": [
   {
    "sslTrust": "{ssltrust}",
    "endpointAttributes": [
     {
      "key": "com.vmware.vapi.metadata.routing.file.com.vmware.vcenter.inventory",
      "value": "/etc/vmware-content-library/metadata/vdcs/com.vmware.vcenter.inventory_routing.json"
     },
     {
      "key": "com.vmware.vapi.metadata.privilege.file.com.vmware.transfer",
      "value": "/etc/vmware-content-library/metadata/ts/com.vmware.transfer_authorization.json"
     },
     {
      "key": "com.vmware.vapi.metadata.routing.file.com.vmware.vcenter.ovf",
      "value": "/etc/vmware-content-library/metadata/vdcs/com.vmware.vcenter.ovf_routing.json"
     },
     {
      "key": "com.vmware.vapi.metadata.authentication.file.com.vmware.vcenter.vm",
      "value": "/etc/vmware-content-library/metadata/vmtx/com.vmware.vcenter.vm_template_authentication.json"
     },
     {
      "key": "com.vmware.vapi.metadata.metamodel.file.com.vmware.vcenter.iso",
      "value": "/etc/vmware-content-library/metadata/iso/com.vmware.vcenter.iso_metamodel.json"
     },
     {
      "key": "com.vmware.vapi.metadata.metamodel.file.com.vmware.vcenter.inventory",
      "value": "/etc/vmware-content-library/metadata/vdcs/com.vmware.vcenter.inventory_metamodel.json"
     },
     {
      "key": "com.vmware.vapi.metadata.cli.file.com.vmware.content",
      "value": "/etc/vmware-content-library/metadata/cls/com.vmware.content_cli.json"
     },
     {
      "key": "com.vmware.vapi.metadata.authentication.file.com.vmware.vcenter.ovf",
      "value": "/etc/vmware-content-library/metadata/vdcs/com.vmware.vcenter.ovf_authentication.json"
     },
     {
      "key": "com.vmware.vapi.metadata.privilege.file.com.vmware.vcenter.ovf",
      "value": "/etc/vmware-content-library/metadata/vdcs/com.vmware.vcenter.ovf_authorization.json"
     },
     {
      "key": "com.vmware.vapi.metadata.authentication.file.com.vmware.vcenter.inventory",
      "value": "/etc/vmware-content-library/metadata/vdcs/com.vmware.vcenter.inventory_authentication.json"
     },
     {
      "key": "com.vmware.vapi.metadata.routing.file.com.vmware.transfer",
      "value": "/etc/vmware-content-library/metadata/ts/com.vmware.transfer_routing.json"
     },
     {
      "key": "com.vmware.vapi.metadata.routing.file.com.vmware.content",
      "value": "/etc/vmware-content-library/metadata/cls/com.vmware.content_routing.json"
     },
     {
      "key": "com.vmware.vapi.metadata.privilege.file.com.vmware.vcenter.vm",
      "value": "/etc/vmware-content-library/metadata/vmtx/com.vmware.vcenter.vm_template_authorization.json"
     },
     {
      "key": "com.vmware.vapi.metadata.cli.file.com.vmware.vcenter.ovf",
      "value": "/etc/vmware-content-library/metadata/vdcs/com.vmware.vcenter.ovf_cli.json"
     },
     {
      "key": "com.vmware.vapi.metadata.metamodel.file.com.vmware.transfer",
      "value": "/etc/vmware-content-library/metadata/ts/com.vmware.transfer_metamodel.json"
     },
     {
      "key": "com.vmware.vapi.metadata.cli.file.com.vmware.vcenter.inventory",
      "value": "/etc/vmware-content-library/metadata/vdcs/com.vmware.vcenter.inventory_cli.json"
     },
     {
      "key": "com.vmware.vapi.metadata.metamodel.file.com.vmware.vcenter.ovf",
      "value": "/etc/vmware-content-library/metadata/vdcs/com.vmware.vcenter.ovf_metamodel.json"
     },
     {
      "key": "com.vmware.vapi.metadata.authentication.file.com.vmware.content",
      "value": "/etc/vmware-content-library/metadata/cls/com.vmware.content_authentication.json"
     },
     {
      "key": "com.vmware.vapi.metadata.privilege.file.com.vmware.vcenter.iso",
      "value": "/etc/vmware-content-library/metadata/iso/com.vmware.vcenter.iso_authorization.json"
     },
     {
      "key": "com.vmware.vapi.metadata.routing.file.com.vmware.vcenter.vm",
      "value": "/etc/vmware-content-library/metadata/vmtx/com.vmware.vcenter.vm_template_routing.json"
     },
     {
      "key": "com.vmware.vapi.metadata.privilege.file.com.vmware.vcenter.inventory",
      "value": "/etc/vmware-content-library/metadata/vdcs/com.vmware.vcenter.inventory_authorization.json"
     },
     {
      "key": "com.vmware.vapi.metadata.routing.file.com.vmware.vcenter.iso",
      "value": "/etc/vmware-content-library/metadata/iso/com.vmware.vcenter.iso_routing.json"
     },
     {
      "key": "com.vmware.vapi.metadata.cli.file.com.vmware.vcenter.vm",
      "value": "/etc/vmware-content-library/metadata/vmtx/com.vmware.vcenter.vm_template_cli.json"
     },
     {
      "key": "com.vmware.vapi.metadata.authentication.file.com.vmware.vcenter.iso",
      "value": "/etc/vmware-content-library/metadata/iso/com.vmware.vcenter.iso_authentication.json"
     },
     {
      "key": "com.vmware.vapi.metadata.metamodel.file.com.vmware.vcenter.vm",
      "value": "/etc/vmware-content-library/metadata/vmtx/com.vmware.vcenter.vm_template_metamodel.json"
     },
     {
      "key": "com.vmware.vapi.metadata.privilege.file.com.vmware.content",
      "value": "/etc/vmware-content-library/metadata/cls/com.vmware.content_authorization.json"
     },
     {
      "key": "com.vmware.vapi.metadata.authentication.file.com.vmware.transfer",
      "value": "/etc/vmware-content-library/metadata/ts/com.vmware.transfer_authentication.json"
     },
     {
      "key": "com.vmware.vapi.metadata.metamodel.file.com.vmware.content",
      "value": "/etc/vmware-content-library/metadata/cls/com.vmware.content_metamodel.json"
     },
     {
      "key": "com.vmware.vapi.metadata.cli.file.com.vmware.vcenter.iso",
      "value": "/etc/vmware-content-library/metadata/iso/com.vmware.vcenter.iso_cli.json"
     }
    ],
    "endpointType": {
     "protocol": "vapi.json.http",
     "type": "com.vmware.cis.cls.vapi.http"
    },
    "url": "http://{pnid}:80/cls/"
   },
   {
    "sslTrust": "{ssltrust}",
    "endpointAttributes": [
     {
      "key": "com.vmware.vapi.metadata.routing.file.com.vmware.vcenter.inventory",
      "value": "/etc/vmware-content-library/metadata/vdcs/com.vmware.vcenter.inventory_routing.json"
     },
     {
      "key": "com.vmware.vapi.metadata.privilege.file.com.vmware.transfer",
      "value": "/etc/vmware-content-library/metadata/ts/com.vmware.transfer_authorization.json"
     },
     {
      "key": "com.vmware.vapi.metadata.routing.file.com.vmware.vcenter.ovf",
      "value": "/etc/vmware-content-library/metadata/vdcs/com.vmware.vcenter.ovf_routing.json"
     },
     {
      "key": "com.vmware.vapi.metadata.authentication.file.com.vmware.vcenter.vm",
      "value": "/etc/vmware-content-library/metadata/vmtx/com.vmware.vcenter.vm_template_authentication.json"
     },
     {
      "key": "com.vmware.vapi.metadata.metamodel.file.com.vmware.vcenter.iso",
      "value": "/etc/vmware-content-library/metadata/iso/com.vmware.vcenter.iso_metamodel.json"
     },
     {
      "key": "com.vmware.vapi.metadata.metamodel.file.com.vmware.vcenter.inventory",
      "value": "/etc/vmware-content-library/metadata/vdcs/com.vmware.vcenter.inventory_metamodel.json"
     },
     {
      "key": "com.vmware.vapi.metadata.cli.file.com.vmware.content",
      "value": "/etc/vmware-content-library/metadata/cls/com.vmware.content_cli.json"
     },
     {
      "key": "com.vmware.vapi.metadata.authentication.file.com.vmware.vcenter.ovf",
      "value": "/etc/vmware-content-library/metadata/vdcs/com.vmware.vcenter.ovf_authentication.json"
     },
     {
      "key": "com.vmware.vapi.metadata.privilege.file.com.vmware.vcenter.ovf",
      "value": "/etc/vmware-content-library/metadata/vdcs/com.vmware.vcenter.ovf_authorization.json"
     },
     {
      "key": "com.vmware.vapi.metadata.authentication.file.com.vmware.vcenter.inventory",
      "value": "/etc/vmware-content-library/metadata/vdcs/com.vmware.vcenter.inventory_authentication.json"
     },
     {
      "key": "com.vmware.vapi.metadata.routing.file.com.vmware.transfer",
      "value": "/etc/vmware-content-library/metadata/ts/com.vmware.transfer_routing.json"
     },
     {
      "key": "com.vmware.vapi.metadata.routing.file.com.vmware.content",
      "value": "/etc/vmware-content-library/metadata/cls/com.vmware.content_routing.json"
     },
     {
      "key": "com.vmware.vapi.metadata.privilege.file.com.vmware.vcenter.vm",
      "value": "/etc/vmware-content-library/metadata/vmtx/com.vmware.vcenter.vm_template_authorization.json"
     },
     {
      "key": "com.vmware.vapi.metadata.cli.file.com.vmware.vcenter.ovf",
      "value": "/etc/vmware-content-library/metadata/vdcs/com.vmware.vcenter.ovf_cli.json"
     },
     {
      "key": "com.vmware.vapi.metadata.metamodel.file.com.vmware.transfer",
      "value": "/etc/vmware-content-library/metadata/ts/com.vmware.transfer_metamodel.json"
     },
     {
      "key": "com.vmware.vapi.metadata.cli.file.com.vmware.vcenter.inventory",
      "value": "/etc/vmware-content-library/metadata/vdcs/com.vmware.vcenter.inventory_cli.json"
     },
     {
      "key": "com.vmware.vapi.metadata.metamodel.file.com.vmware.vcenter.ovf",
      "value": "/etc/vmware-content-library/metadata/vdcs/com.vmware.vcenter.ovf_metamodel.json"
     },
     {
      "key": "com.vmware.vapi.metadata.authentication.file.com.vmware.content",
      "value": "/etc/vmware-content-library/metadata/cls/com.vmware.content_authentication.json"
     },
     {
      "key": "com.vmware.vapi.metadata.privilege.file.com.vmware.vcenter.iso",
      "value": "/etc/vmware-content-library/metadata/iso/com.vmware.vcenter.iso_authorization.json"
     },
     {
      "key": "com.vmware.vapi.metadata.routing.file.com.vmware.vcenter.vm",
      "value": "/etc/vmware-content-library/metadata/vmtx/com.vmware.vcenter.vm_template_routing.json"
     },
     {
      "key": "com.vmware.vapi.metadata.privilege.file.com.vmware.vcenter.inventory",
      "value": "/etc/vmware-content-library/metadata/vdcs/com.vmware.vcenter.inventory_authorization.json"
     },
     {
      "key": "com.vmware.vapi.metadata.routing.file.com.vmware.vcenter.iso",
      "value": "/etc/vmware-content-library/metadata/iso/com.vmware.vcenter.iso_routing.json"
     },
     {
      "key": "com.vmware.vapi.metadata.cli.file.com.vmware.vcenter.vm",
      "value": "/etc/vmware-content-library/metadata/vmtx/com.vmware.vcenter.vm_template_cli.json"
     },
     {
      "key": "cis.common.ep.localurl",
      "value": "http://localhost:16666/cls/"
     },
     {
      "key": "com.vmware.vapi.metadata.authentication.file.com.vmware.vcenter.iso",
      "value": "/etc/vmware-content-library/metadata/iso/com.vmware.vcenter.iso_authentication.json"
     },
     {
      "key": "com.vmware.vapi.metadata.metamodel.file.com.vmware.vcenter.vm",
      "value": "/etc/vmware-content-library/metadata/vmtx/com.vmware.vcenter.vm_template_metamodel.json"
     },
     {
      "key": "com.vmware.vapi.metadata.privilege.file.com.vmware.content",
      "value": "/etc/vmware-content-library/metadata/cls/com.vmware.content_authorization.json"
     },
     {
      "key": "com.vmware.vapi.metadata.authentication.file.com.vmware.transfer",
      "value": "/etc/vmware-content-library/metadata/ts/com.vmware.transfer_authentication.json"
     },
     {
      "key": "com.vmware.vapi.metadata.metamodel.file.com.vmware.content",
      "value": "/etc/vmware-content-library/metadata/cls/com.vmware.content_metamodel.json"
     },
     {
      "key": "com.vmware.vapi.metadata.cli.file.com.vmware.vcenter.iso",
      "value": "/etc/vmware-content-library/metadata/iso/com.vmware.vcenter.iso_cli.json"
     }
    ],
    "endpointType": {
     "protocol": "vapi.json.https",
     "type": "com.vmware.cis.cls.vapi.https"
    },
    "url": "https://{pnid}:443/cls/"
   },
   {
    "sslTrust": "{ssltrust}",
    "endpointAttributes": [
     {
      "key": "cis.common.ep.localurl",
      "value": "http://localhost:16666/cls/cmhealthstatus"
     }
    ],
    "endpointType": {
     "protocol": "rest",
     "type": "com.vmware.cis.common.healthstatus"
    },
    "url": "https://{pnid}:443/cls/cmhealthstatus"
   },
   {
    "sslTrust": "{ssltrust}",
    "endpointAttributes": [
     {
      "key": "cis.common.ep.localurl",
      "value": "http://localhost:16666/cls/resourcebundle"
     },
     {
      "key": "com.vmware.cis.common.resourcebundle.basename",
      "value": "com.vmware.cis.cls.messages"
     }
    ],
    "endpointType": {
     "protocol": "http",
     "type": "com.vmware.cis.common.resourcebundle"
    },
    "url": "https://{pnid}:443/cls/resourcebundle"
   },
   {
    "sslTrust": "{ssltrust}",
    "endpointAttributes": [
     {
      "key": "cis.common.ep.localurl",
      "value": "http://localhost:16666/cls/"
     }
    ],
    "endpointType": {
     "protocol": "vapi.json.https",
     "type": "com.vmware.cis.data.provider"
    },
    "url": "https://{pnid}:443/cls/"
   },
   {
    "sslTrust": "{ssltrust}",
    "endpointAttributes": [
     {
      "key": "cis.common.ep.localurl",
      "value": "http://localhost:16666/cls/"
     }
    ],
    "endpointType": {
     "protocol": "vapi.json.https",
     "type": "com.vmware.cdc.provider"
    },
    "url": "https://{pnid}:443/cls/"
   }
  ],
  "nodeId": "{lduid}",
  "siteId": "{siteid}",
  "serviceDescriptionDefault": "",
  "serviceType": {
   "product": "com.vmware.cis",
   "type": "cis.cls"
  },
  "vendorNameDefault": ""
 },
 {
  "vendorNameResourceKey": "",
  "serviceNameResourceKey": "com.vmware.vsphere.client.label",
  "serviceId": "{vcserviceid}_com.vmware.vsphere.client",
  "serviceNameDefault": "",
  "serviceDescriptionResourceKey": "com.vmware.vsphere.client.summary",
  "serviceAttributes": [],
  "vendorProductInfoResourceKey": "",
  "vendorProductInfoDefault": "",
  "ownerId": "vpxd-{machineid}@{domain_name}",
  "serviceVersion": "1.1.0",
  "serviceEndpoints": [
   {
    "sslTrust": [],
    "endpointAttributes": [
     {
      "key": "com.vmware.cis.common.resourcebundle.basename",
      "value": "cis.vcextension.com_vmware_vsphere_client.ResourceBundle"
     }
    ],
    "endpointType": {
     "protocol": "https",
     "type": "com.vmware.cis.common.resourcebundle"
    },
    "url": "https://{pnid}:443/catalog/com.vmware.vsphere.client_catalog.zip"
   }
  ],
  "nodeId": "",
  "siteId": "{siteid}",
  "serviceDescriptionDefault": "",
  "serviceType": {
   "product": "com.vmware.cis",
   "type": "com.vmware.vsphere.client"
  },
  "vendorNameDefault": ""
 },
 {
  "vendorNameResourceKey": "",
  "serviceNameResourceKey": "",
  "serviceId": "{serviceid}",
  "serviceNameDefault": "",
  "serviceDescriptionResourceKey": "",
  "serviceAttributes": [],
  "vendorProductInfoResourceKey": "",
  "vendorProductInfoDefault": "",
  "ownerId": "vpxd-extension-{machineid}@{domain_name}",
  "serviceVersion": "6.7.0.42538",
  "serviceEndpoints": [
   {
    "sslTrust": "{ssltrust}",
    "endpointAttributes": [
     {
      "key": "company",
      "value": "VMware, Inc"
     },
     {
      "key": "adminEmail",
      "value": "noreply@vmware.com"
     }
    ],
    "endpointType": {
     "protocol": "https",
     "type": "com.vmware.vcIntegrity"
    },
    "url": "https://{pnid}:8084/vci/sdk"
   },
   {
    "sslTrust": "{ssltrust}",
    "endpointAttributes": [
     {
      "key": "company",
      "value": "VMware, Inc"
     },
     {
      "key": "adminEmail",
      "value": "noreply@vmware.com"
     }
    ],
    "endpointType": {
     "protocol": "http",
     "type": "com.vmware.cis.vsphereclient.plugin"
    },
    "url": "https://{pnid}:9087/vci/downloads/vumclient.zip"
   },
   {
    "sslTrust": "{ssltrust}",
    "endpointAttributes": [
     {
      "key": "company",
      "value": "VMware, Inc"
     },
     {
      "key": "adminEmail",
      "value": "noreply@vmware.com"
     }
    ],
    "endpointType": {
     "protocol": "rest",
     "type": "com.vmware.cis.common.healthstatus"
    },
    "url": "http://{pnid}:9084/vci/downloads/health.xml"
   },
   {
    "sslTrust": "{ssltrust}",
    "endpointAttributes": [
     {
      "key": "com.vmware.cis.common.resourcebundle.basename",
      "value": "updatemgr.task:updatemgr.event:updatemgr.fault:updatemgr.extension:updatemgr.auth:updatemgr.locmsg:"
     },
     {
      "key": "company",
      "value": "VMware, Inc"
     },
     {
      "key": "adminEmail",
      "value": "noreply@vmware.com"
     }
    ],
    "endpointType": {
     "protocol": "http",
     "type": "com.vmware.cis.common.resourcebundle"
    },
    "url": "https://{pnid}:443/sca/resourcebundle/updatemgrResourceBundle.zip"
   }
  ],
  "nodeId": "{lduid}",
  "siteId": "{siteid}",
  "serviceDescriptionDefault": "",
  "serviceType": {
   "product": "com.vmware.vcIntegrity",
   "type": "vcIntegrity"
  },
  "vendorNameDefault": ""
 },
 {
  "vendorNameResourceKey": "",
  "serviceNameResourceKey": "cis.vmonapi.ServiceName",
  "serviceId": "{serviceid}",
  "serviceNameDefault": "",
  "serviceDescriptionResourceKey": "cis.vmonapi.ServiceDescription",
  "serviceAttributes": [
   {
    "key": "com.vmware.cis.cm.ControlScript",
    "value": "service-control-default-vmon"
   },
   {
    "key": "com.vmware.cis.cm.HostId",
    "value": "{machineid}"
   }
  ],
  "vendorProductInfoResourceKey": "",
  "vendorProductInfoDefault": "",
  "ownerId": "machine@{domain_name}",
  "serviceVersion": "1.0",
  "serviceEndpoints": [
   {
    "sslTrust": "{ssltrust}",
    "endpointAttributes": [
     {
      "key": "cis.common.ep.localurl",
      "value": "http://localhost:8900/vmonapi"
     },
     {
      "key": "com.vmware.vapi.metadata.authentication.remote",
      "value": "http://localhost:8900/vmonapi"
     },
     {
      "key": "com.vmware.vapi.metadata.metamodel.remote",
      "value": "http://localhost:8900/vmonapi"
     },
     {
      "key": "com.vmware.vapi.metadata.cli.remote",
      "value": "http://localhost:8900/vmonapi"
     }
    ],
    "endpointType": {
     "protocol": "vapi.json.https",
     "type": "com.vmware.appliance.vmon"
    },
    "url": "https://{pnid}:443/vmonapi"
   },
   {
    "sslTrust": "{ssltrust}",
    "endpointAttributes": [
     {
      "key": "com.vmware.cis.common.resourcebundle.basename",
      "value": "vmonapi.ResourceBundle"
     }
    ],
    "endpointType": {
     "protocol": "http",
     "type": "com.vmware.cis.common.resourcebundle"
    },
    "url": "https://{pnid}:443/sca/resourcebundle/vmonapiResourceBundle.zip"
   }
  ],
  "nodeId": "{lduid}",
  "siteId": "{siteid}",
  "serviceDescriptionDefault": "",
  "serviceType": {
   "product": "com.vmware.cis",
   "type": "cis.vmonapi"
  },
  "vendorNameDefault": ""
 },
 {
  "vendorNameResourceKey": "",
  "serviceNameResourceKey": "",
  "serviceId": "{serviceid}",
  "serviceNameDefault": "",
  "serviceDescriptionResourceKey": "",
  "serviceAttributes": [
   {
    "key": "com.vmware.cis.cm.HostId",
    "value": "{machineid}"
   }
  ],
  "vendorProductInfoResourceKey": "",
  "vendorProductInfoDefault": "",
  "ownerId": "machine-{machineid}@{domain_name}",
  "serviceVersion": "1.0",
  "serviceEndpoints": [
   {
    "sslTrust": "{ssltrust}",
    "endpointAttributes": [
     {
      "key": "cis.common.ep.localurl",
      "value": "http://localhost:18090/cm/sdk"
     }
    ],
    "endpointType": {
     "protocol": "vmomi",
     "type": "com.vmware.cis.cm.componentmanager"
    },
    "url": "https://{pnid}:443/cm/sdk"
   }
  ],
  "nodeId": "{lduid}",
  "siteId": "{siteid}",
  "serviceDescriptionDefault": "",
  "serviceType": {
   "product": "com.vmware.cis",
   "type": "cs.componentmanager"
  },
  "vendorNameDefault": ""
 },
 {
  "vendorNameResourceKey": "",
  "serviceNameResourceKey": "cis.vsphere-ui.ServiceName",
  "serviceId": "{serviceid}",
  "serviceNameDefault": "",
  "serviceDescriptionResourceKey": "cis.vsphere-ui.ServiceDescription",
  "serviceAttributes": [
   {
    "key": "com.vmware.cis.cm.GroupInternalId",
    "value": "com.vmware.vsphereui"
   },
   {
    "key": "com.vmware.cis.cm.HostId",
    "value": "{machineid}"
   }
  ],
  "vendorProductInfoResourceKey": "",
  "vendorProductInfoDefault": "",
  "ownerId": "vsphere-webclient-{machineid}@{domain_name}",
  "serviceVersion": "6.5.0",
  "serviceEndpoints": [
   {
    "sslTrust": "{ssltrust}",
    "endpointAttributes": [
     {
      "key": "cis.common.ep.localurl",
      "value": "http://localhost:5090/ui"
     }
    ],
    "endpointType": {
     "protocol": "http",
     "type": "com.vmware.cis.client"
    },
    "url": "https://{pnid}:443/ui"
   },
   {
    "sslTrust": "{ssltrust}",
    "endpointAttributes": [
     {
      "key": "cis.common.ep.localurl",
      "value": "http://localhost:5090/ui/healthstatus"
     }
    ],
    "endpointType": {
     "protocol": "rest",
     "type": "com.vmware.cis.common.healthstatus"
    },
    "url": "https://{pnid}:443/ui/healthstatus"
   }
  ],
  "nodeId": "{lduid}",
  "siteId": "{siteid}",
  "serviceDescriptionDefault": "",
  "serviceType": {
   "product": "com.vmware.cis",
   "type": "vsphereui"
  },
  "vendorNameDefault": ""
 },
 {
  "vendorNameResourceKey": "",
  "serviceNameResourceKey": "",
  "serviceId": "{serviceid}",
  "serviceNameDefault": "",
  "serviceDescriptionResourceKey": "",
  "serviceAttributes": [
   {
    "key": "com.vmware.cis.cm.HostId",
    "value": "{machineid}"
   }
  ],
  "vendorProductInfoResourceKey": "",
  "vendorProductInfoDefault": "",
  "ownerId": "machine-{machineid}@{domain_name}",
  "serviceVersion": "6.7.0",
  "serviceEndpoints": [
   {
    "sslTrust": "{ssltrust}",
    "endpointAttributes": [
     {
      "key": "cis.common.ep.localurl",
      "value": "http://localhost:18091/sca"
     }
    ],
    "endpointType": {
     "protocol": "vmomi",
     "type": "com.vmware.cis.sca"
    },
    "url": "https://{pnid}:443/sca"
   }
  ],
  "nodeId": "{lduid}",
  "siteId": "{siteid}",
  "serviceDescriptionDefault": "",
  "serviceType": {
   "product": "com.vmware.cis",
   "type": "sca"
  },
  "vendorNameDefault": ""
 },
 {
  "vendorNameResourceKey": "",
  "serviceNameResourceKey": "com.vmware.vcenter.certificatemanagement.servicenameresource",
  "serviceId": "{serviceid}",
  "serviceNameDefault": "",
  "serviceDescriptionResourceKey": "com.vmware.vcenter.certificatemanagement.servicedescriptionresource",
  "serviceAttributes": [
   {
    "key": "com.vmware.cis.cm.ControlScript",
    "value": "service-control-default-vmon"
   },
   {
    "key": "com.vmware.cis.cm.HostId",
    "value": "{machineid}"
   }
  ],
  "vendorProductInfoResourceKey": "",
  "vendorProductInfoDefault": "",
  "ownerId": "machine-{machineid}@{domain_name}",
  "serviceVersion": "1.0",
  "serviceEndpoints": [
   {
    "sslTrust": "{ssltrust}",
    "endpointAttributes": [
     {
      "key": "com.vmware.cis.common.resourcebundle.basename",
      "value": "vcenter.certificatemanagement.ResourceBundle"
     }
    ],
    "endpointType": {
     "protocol": "http",
     "type": "com.vmware.cis.common.resourcebundle"
    },
    "url": "https://{pnid}:443/sca/resourcebundle/certificatemanagement-resource-bundle.zip"
   },
   {
    "sslTrust": "{ssltrust}",
    "endpointAttributes": [
     {
      "key": "cis.common.ep.localurl",
      "value": "http://localhost:10096/certificatemanagement"
     },
     {
      "key": "com.vmware.vapi.metadata.cli.file.certificatemanagement",
      "value": "/usr/lib/vmware-certificatemanagement/config/metadata/com.vmware.vcenter_cli.json"
     },
     {
      "key": "com.vmware.vapi.metadata.authorization.file.certificatemanagement",
      "value": "/usr/lib/vmware-certificatemanagement/config/metadata/com.vmware.vcenter_authorization.json"
     },
     {
      "key": "com.vmware.vapi.metadata.routing.file.certificatemanagement",
      "value": "/usr/lib/vmware-certificatemanagement/config/metadata/com.vmware.vcenter_routing.json"
     },
     {
      "key": "com.vmware.vapi.metadata.metamodel.file.certificatemanagement",
      "value": "/usr/lib/vmware-certificatemanagement/config/metadata/com.vmware.vcenter_metamodel.json"
     },
     {
      "key": "com.vmware.vapi.metadata.authentication.file.certificatemanagement",
      "value": "/usr/lib/vmware-certificatemanagement/config/metadata/com.vmware.vcenter_authentication.json"
     }
    ],
    "endpointType": {
     "protocol": "vapi.json.https",
     "type": "com.vmware.certificatemanagement.vapi"
    },
    "url": "https://{pnid}:443/certificatemanagement"
   }
  ],
  "nodeId": "{lduid}",
  "siteId": "{siteid}",
  "serviceDescriptionDefault": "",
  "serviceType": {
   "product": "com.vmware.certificatemanagement",
   "type": "certificatemanagement"
  },
  "vendorNameDefault": ""
 },
 {
  "vendorNameResourceKey": "",
  "serviceNameResourceKey": "cis.vcha.ServiceName",
  "serviceId": "{serviceid}",
  "serviceNameDefault": "",
  "serviceDescriptionResourceKey": "cis.vcha.ServiceDescription",
  "serviceAttributes": [
   {
    "key": "com.vmware.cis.cm.HostId",
    "value": "{machineid}"
   }
  ],
  "vendorProductInfoResourceKey": "",
  "vendorProductInfoDefault": "",
  "ownerId": "vpxd-extension@{domain_name}",
  "serviceVersion": "1.0",
  "serviceEndpoints": [
   {
    "sslTrust": "{ssltrust}",
    "endpointAttributes": [
     {
      "key": "cis.common.ep.localurl",
      "value": "http://localhost:11080/vcha/sdk"
     }
    ],
    "endpointType": {
     "protocol": "vmomi",
     "type": "com.vmware.cis.data.provider"
    },
    "url": "https://{pnid}:443/vcha/sdk"
   }
  ],
  "nodeId": "{lduid}",
  "siteId": "{siteid}",
  "serviceDescriptionDefault": "",
  "serviceType": {
   "product": "com.vmware.cis",
   "type": "vcha"
  },
  "vendorNameDefault": ""
 },
 {
  "vendorNameResourceKey": "",
  "serviceNameResourceKey": "cis.license.ServiceName",
  "serviceId": "{serviceid}",
  "serviceNameDefault": "",
  "serviceDescriptionResourceKey": "cis.license.ServiceDescription",
  "serviceAttributes": [
   {
    "key": "com.vmware.cis.cm.ControlScript",
    "value": "service-control-default-vmon"
   },
   {
    "key": "com.vmware.cis.cm.GroupResourceKey",
    "value": "cis.license.ServiceGroup"
   },
   {
    "key": "com.vmware.cis.cm.HostId",
    "value": "{machineid}"
   }
  ],
  "vendorProductInfoResourceKey": "",
  "vendorProductInfoDefault": "",
  "ownerId": "machine-{machineid}@{domain_name}",
  "serviceVersion": "6.7.0",
  "serviceEndpoints": [
   {
    "sslTrust": "{ssltrust}",
    "endpointAttributes": [
     {
      "key": "cis.common.ep.localurl",
      "value": "http://localhost:12080/ls/resourcebundle"
     },
     {
      "key": "com.vmware.cis.common.resourcebundle.basename",
      "value": "cis.license.ResourceBundle"
     }
    ],
    "endpointType": {
     "protocol": "http",
     "type": "com.vmware.cis.common.resourcebundle"
    },
    "url": "https://{pnid}:443/ls/resourcebundle"
   },
   {
    "sslTrust": "{ssltrust}",
    "endpointAttributes": [
     {
      "key": "cis.common.ep.localurl",
      "value": "http://localhost:12080/ls/sdk"
     }
    ],
    "endpointType": {
     "protocol": "vmomi",
     "type": "com.vmware.cis.cs.license.sdk"
    },
    "url": "https://{pnid}:443/ls/sdk"
   },
   {
    "sslTrust": "{ssltrust}",
    "endpointAttributes": [
     {
      "key": "cis.common.ep.localurl",
      "value": "http://localhost:12080/ls/ph/sdk"
     }
    ],
    "endpointType": {
     "protocol": "vmomi",
     "type": "com.vmware.ph.globalconfig.consentservice"
    },
    "url": "https://{pnid}:443/ls/ph/sdk"
   },
   {
    "sslTrust": "{ssltrust}",
    "endpointAttributes": [
     {
      "key": "cis.common.ep.localurl",
      "value": "http://localhost:12080/ls/healthstatus"
     }
    ],
    "endpointType": {
     "protocol": "rest",
     "type": "com.vmware.cis.common.healthstatus"
    },
    "url": "https://{pnid}:443/ls/healthstatus"
   }
  ],
  "nodeId": "{lduid}",
  "siteId": "{siteid}",
  "serviceDescriptionDefault": "",
  "serviceType": {
   "product": "com.vmware.cis",
   "type": "cs.license"
  },
  "vendorNameDefault": ""
 },
 {
  "vendorNameResourceKey": "",
  "serviceNameResourceKey": "cis.analytics.ServiceName",
  "serviceId": "{serviceid}",
  "serviceNameDefault": "",
  "serviceDescriptionResourceKey": "cis.analytics.ServiceDescription",
  "serviceAttributes": [
   {
    "key": "com.vmware.cis.cm.ControlScript",
    "value": "service-control-default-vmon"
   },
   {
    "key": "com.vmware.cis.cm.GroupResourceKey",
    "value": "cis.analytics.ServiceGroup"
   },
   {
    "key": "com.vmware.cis.cm.HostId",
    "value": "{machineid}"
   }
  ],
  "vendorProductInfoResourceKey": "",
  "vendorProductInfoDefault": "",
  "ownerId": "vpxd-extension-{machineid}@{domain_name}",
  "serviceVersion": "6.7.0",
  "serviceEndpoints": [
   {
    "sslTrust": "{ssltrust}",
    "endpointAttributes": [],
    "endpointType": {
     "protocol": "https",
     "type": "telemetry.send.stage"
    },
    "url": "http://localhost:15080/analytics/telemetry/ph-stg/api/hyper/send"
   },
   {
    "sslTrust": "{ssltrust}",
    "endpointAttributes": [
     {
      "key": "cis.common.ep.localurl",
      "value": "http://localhost:15080/analytics/ceip/sdk"
     }
    ],
    "endpointType": {
     "protocol": "vmomi",
     "type": "com.vmware.ph.ceip.sdk"
    },
    "url": "https://{pnid}:443/analytics/ceip/sdk"
   },
   {
    "sslTrust": "{ssltrust}",
    "endpointAttributes": [
     {
      "key": "cis.common.ep.localurl",
      "value": "http://localhost:15080/analytics/ceip/api/state"
     }
    ],
    "endpointType": {
     "protocol": "https",
     "type": "com.vmware.ph.ceip.api.state"
    },
    "url": "https://{pnid}:443/analytics/ceip/api/state"
   },
   {
    "sslTrust": "{ssltrust}",
    "endpointAttributes": [
     {
      "key": "cis.common.ep.localurl",
      "value": "http://localhost:15080/analytics/resourcebundle"
     },
     {
      "key": "com.vmware.cis.common.resourcebundle.basename",
      "value": "ph.phservice.ResourceBundle"
     }
    ],
    "endpointType": {
     "protocol": "http",
     "type": "com.vmware.cis.common.resourcebundle"
    },
    "url": "https://{pnid}:443/analytics/resourcebundle"
   },
   {
    "sslTrust": "{ssltrust}",
    "endpointAttributes": [],
    "endpointType": {
     "protocol": "https",
     "type": "com.vmware.phstg.api"
    },
    "url": "https://{pnid}:443/analytics/ph-stg/api/*"
   },
   {
    "sslTrust": "{ssltrust}",
    "endpointAttributes": [],
    "endpointType": {
     "protocol": "https",
     "type": "com.vmware.ph.api"
    },
    "url": "https://{pnid}:443/analytics/ph/api/*"
   },
   {
    "sslTrust": "{ssltrust}",
    "endpointAttributes": [],
    "endpointType": {
     "protocol": "https",
     "type": "telemetry.send"
    },
    "url": "http://localhost:15080/analytics/telemetry/ph/api/hyper/send"
   },
   {
    "sslTrust": "{ssltrust}",
    "endpointAttributes": [
     {
      "key": "cis.common.ep.localurl",
      "value": "http://localhost:15080/analytics/healthstatus"
     }
    ],
    "endpointType": {
     "protocol": "rest",
     "type": "com.vmware.cis.common.healthstatus"
    },
    "url": "https://{pnid}:443/analytics/healthstatus"
   },
   {
    "sslTrust": "{ssltrust}",
    "endpointAttributes": [
     {
      "key": "cis.common.ep.localurl",
      "value": "http://localhost:15080/analytics/telemetry/ph/api/level"
     }
    ],
    "endpointType": {
     "protocol": "https",
     "type": "telemetry.level"
    },
    "url": "https://{pnid}:443/analytics/telemetry/ph/api/level"
   },
   {
    "sslTrust": "{ssltrust}",
    "endpointAttributes": [
     {
      "key": "cis.common.ep.localurl",
      "value": "http://localhost:15080/analytics/cloudhealth/sdk"
     }
    ],
    "endpointType": {
     "protocol": "vmomi",
     "type": "com.vmware.ph.cloudhealth.sdk"
    },
    "url": "https://{pnid}:443/analytics/cloudhealth/sdk"
   },
   {
    "sslTrust": "{ssltrust}",
    "endpointAttributes": [
     {
      "key": "cis.common.ep.localurl",
      "value": "http://localhost:15080/analytics/telemetry/ph-stg/api/level"
     }
    ],
    "endpointType": {
     "protocol": "https",
     "type": "telemetry.level.stage"
    },
    "url": "https://{pnid}:443/analytics/telemetry/ph-stg/api/level"
   }
  ],
  "nodeId": "{lduid}",
  "siteId": "{siteid}",
  "serviceDescriptionDefault": "",
  "serviceType": {
   "product": "com.vmware.ph",
   "type": "phservice"
  },
  "vendorNameDefault": ""
 },
 {
  "vendorNameResourceKey": "",
  "serviceNameResourceKey": "cis.mbcs.serviceName",
  "serviceId": "{serviceid}",
  "serviceNameDefault": "",
  "serviceDescriptionResourceKey": "cis.mbcs.serviceDescription",
  "serviceAttributes": [
   {
    "key": "com.vmware.cis.cm.GroupInternalId",
    "value": "com.vmware.cis.mbcs"
   },
   {
    "key": "com.vmware.cis.cm.ControlScript",
    "value": "service-control-default-vmon"
   },
   {
    "key": "com.vmware.cis.cm.GroupResourceKey",
    "value": "cis.mbcs.serviceGroup"
   },
   {
    "key": "com.vmware.cis.cm.HostId",
    "value": "{machineid}"
   }
  ],
  "vendorProductInfoResourceKey": "",
  "vendorProductInfoDefault": "",
  "ownerId": "vpxd-extension-{machineid}@{domain_name}",
  "serviceVersion": "1.0",
  "serviceEndpoints": [
   {
    "sslTrust": "{ssltrust}",
    "endpointAttributes": [
     {
      "key": "cis.common.ep.localurl",
      "value": "http://localhost:10201/MBCS/HealthStatus"
     }
    ],
    "endpointType": {
     "protocol": "rest",
     "type": "com.vmware.cis.common.healthstatus"
    },
    "url": "https://{pnid}:443/MBCS/HealthStatus"
   },
   {
    "sslTrust": "{ssltrust}",
    "endpointAttributes": [
     {
      "key": "com.vmware.cis.common.resourcebundle.basename",
      "value": "cis.mbcs.ResourceBundle"
     }
    ],
    "endpointType": {
     "protocol": "http",
     "type": "com.vmware.cis.common.resourcebundle"
    },
    "url": "https://{pnid}:443/sca/resourcebundle/mbcs-resourcebundle-1.0.0.jar"
   }
  ],
  "nodeId": "{lduid}",
  "siteId": "{siteid}",
  "serviceDescriptionDefault": "",
  "serviceType": {
   "product": "com.vmware.cis",
   "type": "messagebus.config"
  },
  "vendorNameDefault": ""
 },
 {
  "vendorNameResourceKey": "",
  "serviceNameResourceKey": "cis.sms.ServiceName",
  "serviceId": "{serviceid}",
  "serviceNameDefault": "",
  "serviceDescriptionResourceKey": "cis.sms.ServiceDescription",
  "serviceAttributes": [
   {
    "key": "com.vmware.cis.cm.ControlScript",
    "value": "service-control-default-vmon"
   },
   {
    "key": "com.vmware.cis.cm.HostId",
    "value": "{machineid}"
   }
  ],
  "vendorProductInfoResourceKey": "",
  "vendorProductInfoDefault": "",
  "ownerId": "vpxd-extension-{machineid}@{domain_name}",
  "serviceVersion": "6.7",
  "serviceEndpoints": [
   {
    "sslTrust": "{ssltrust}",
    "endpointAttributes": [
     {
      "key": "cis.common.ep.localurl",
      "value": "http://localhost:22000/sms/HealthStatus"
     }
    ],
    "endpointType": {
     "protocol": "rest",
     "type": "com.vmware.cis.common.healthstatus"
    },
    "url": "https://{pnid}:443/sms/HealthStatus"
   },
   {
    "sslTrust": "{ssltrust}",
    "endpointAttributes": [
     {
      "key": "cis.common.ep.localurl",
      "value": "http://localhost:8190/pbm/sdk"
     }
    ],
    "endpointType": {
     "protocol": "https",
     "type": "com.vmware.vim.pbm"
    },
    "url": "https://{pnid}:443/pbm/sdk"
   },
   {
    "sslTrust": "{ssltrust}",
    "endpointAttributes": [
     {
      "key": "cis.common.ep.localurl",
      "value": "http://localhost:22000/sms/resourcebundle"
     },
     {
      "key": "com.vmware.cis.common.resourcebundle.basename",
      "value": "cis.sms.ResourceBundle"
     },
     {
      "key": "com.vmware.cis.common.resourcebundle.version",
      "value": "2"
     }
    ],
    "endpointType": {
     "protocol": "http",
     "type": "com.vmware.cis.common.resourcebundle"
    },
    "url": "https://{pnid}:443/sms/resourcebundle"
   },
   {
    "sslTrust": "{ssltrust}",
    "endpointAttributes": [
     {
      "key": "cis.common.ep.localurl",
      "value": "http://localhost:22000/sms/sdk"
     }
    ],
    "endpointType": {
     "protocol": "https",
     "type": "com.vmware.vim.sms"
    },
    "url": "https://{pnid}:443/sms/sdk"
   },
   {
    "sslTrust": "{ssltrust}",
    "endpointAttributes": [
     {
      "key": "cis.common.ep.localurl",
      "value": "http://localhost:23000/vslm/sdk"
     }
    ],
    "endpointType": {
     "protocol": "https",
     "type": "com.vmware.vim.vslm"
    },
    "url": "https://{pnid}:443/vslm/sdk"
   }
  ],
  "nodeId": "{lduid}",
  "siteId": "{siteid}",
  "serviceDescriptionDefault": "",
  "serviceType": {
   "product": "com.vmware.vim.sms",
   "type": "sms"
  },
  "vendorNameDefault": ""
 },
 {
  "vendorNameResourceKey": "",
  "serviceNameResourceKey": "com.vmware.vcenter.topology.servicenameresource",
  "serviceId": "{serviceid}",
  "serviceNameDefault": "",
  "serviceDescriptionResourceKey": "com.vmware.vcenter.topology.servicedescriptionresource",
  "serviceAttributes": [
   {
    "key": "com.vmware.cis.cm.ControlScript",
    "value": "service-control-default-vmon"
   },
   {
    "key": "com.vmware.cis.cm.HostId",
    "value": "{machineid}"
   }
  ],
  "vendorProductInfoResourceKey": "",
  "vendorProductInfoDefault": "",
  "ownerId": "machine-{machineid}@{domain_name}",
  "serviceVersion": "1.0",
  "serviceEndpoints": [
   {
    "sslTrust": "{ssltrust}",
    "endpointAttributes": [
     {
      "key": "com.vmware.cis.common.resourcebundle.basename",
      "value": "vcenter.topologysvc.ResourceBundle"
     }
    ],
    "endpointType": {
     "protocol": "http",
     "type": "com.vmware.cis.common.resourcebundle"
    },
    "url": "https://{pnid}:443/sca/resourcebundle/topologysvc-resource-bundle.zip"
   },
   {
    "sslTrust": "{ssltrust}",
    "endpointAttributes": [
     {
      "key": "cis.common.ep.localurl",
      "value": "http://localhost:10098/topologysvc"
     },
     {
      "key": "com.vmware.vapi.metadata.metamodel.file.topologysvc",
      "value": "/usr/lib/vmware-topologysvc/config/metadata/topologysvc_metamodel.json"
     },
     {
      "key": "com.vmware.vapi.metadata.cli.file.topologysvc",
      "value": "/usr/lib/vmware-topologysvc/config/metadata/topologysvc_cli.json"
     },
     {
      "key": "com.vmware.vapi.metadata.authentication.file.topologysvc",
      "value": "/usr/lib/vmware-topologysvc/config/metadata/topologysvc_authentication.json"
     },
     {
      "key": "com.vmware.vapi.metadata.authorization.file.topologysvc",
      "value": "/usr/lib/vmware-topologysvc/config/metadata/topologysvc_authorization.json"
     },
     {
      "key": "com.vmware.vapi.metadata.routing.file.topologysvc",
      "value": "/usr/lib/vmware-topologysvc/config/metadata/topologysvc_routing.json"
     }
    ],
    "endpointType": {
     "protocol": "vapi.json.https",
     "type": "com.vmware.topology.vapi"
    },
    "url": "https://{pnid}:443/topologysvc"
   }
  ],
  "nodeId": "{lduid}",
  "siteId": "{siteid}",
  "serviceDescriptionDefault": "",
  "serviceType": {
   "product": "com.vmware.vcenter.topology",
   "type": "topologysvc"
  },
  "vendorNameDefault": ""
 },
 {
  "vendorNameResourceKey": "",
  "serviceNameResourceKey": "cis.applmgmt.ServiceName",
  "serviceId": "{serviceid}",
  "serviceNameDefault": "",
  "serviceDescriptionResourceKey": "cis.applmgmt.ServiceDescription",
  "serviceAttributes": [
   {
    "key": "cis.common.showinui",
    "value": "false"
   },
   {
    "key": "com.vmware.cis.cm.ControlScript",
    "value": "service-control-default-vmon"
   },
   {
    "key": "com.vmware.cis.cm.HostId",
    "value": "{machineid}"
   }
  ],
  "vendorProductInfoResourceKey": "",
  "vendorProductInfoDefault": "",
  "ownerId": "machine-{machineid}@{domain_name}",
  "serviceVersion": "6.0",
  "serviceEndpoints": [
   {
    "sslTrust": "{ssltrust}",
    "endpointAttributes": [
     {
      "key": "com.vmware.vapi.metadata.authentication.remote",
      "value": "http://localhost:8201/api"
     },
     {
      "key": "com.vmware.vapi.metadata.metamodel.remote",
      "value": "http://localhost:8201/api"
     },
     {
      "key": "com.vmware.vapi.metadata.cli.remote",
      "value": "http://localhost:8201/api"
     }
    ],
    "endpointType": {
     "protocol": "vapi.json.http",
     "type": "com.vmware.applmgmt"
    },
    "url": "http://localhost:8201/api"
   },
   {
    "sslTrust": "{ssltrust}",
    "endpointAttributes": [
     {
      "key": "com.vmware.cis.common.resourcebundle.basename",
      "value": "applmgmt.ResourceBundle"
     },
     {
      "key": "company",
      "value": "VMware, Inc"
     },
     {
      "key": "adminEmail",
      "value": "noreply@vmware.com"
     }
    ],
    "endpointType": {
     "protocol": "http",
     "type": "com.vmware.cis.common.resourcebundle"
    },
    "url": "https://{pnid}:443/applmgmt/resourcebundle.zip"
   },
   {
    "sslTrust": "{ssltrust}",
    "endpointAttributes": [],
    "endpointType": {
     "protocol": "vapi.rest.https.public",
     "type": "com.vmware.applmgmt"
    },
    "url": "https://{pnid}:5480/rest"
   },
   {
    "sslTrust": "{ssltrust}",
    "endpointAttributes": [
     {
      "key": "company",
      "value": "VMware, Inc"
     },
     {
      "key": "adminEmail",
      "value": "noreply@vmware.com"
     }
    ],
    "endpointType": {
     "protocol": "rest",
     "type": "com.vmware.cis.common.healthstatus"
    },
    "url": "https://{pnid}:443/applmgmt/appliance-health"
   },
   {
    "sslTrust": "{ssltrust}",
    "endpointAttributes": [
     {
      "key": "com.vmware.vapi.metadata.authentication.remote",
      "value": "http://localhost:8201/api"
     },
     {
      "key": "com.vmware.vapi.metadata.metamodel.remote",
      "value": "http://localhost:8201/api"
     },
     {
      "key": "com.vmware.vapi.metadata.cli.remote",
      "value": "http://localhost:8201/api"
     }
    ],
    "endpointType": {
     "protocol": "vapi.json.https.public",
     "type": "com.vmware.applmgmt"
    },
    "url": "https://{pnid}:5480/api"
   },
   {
    "sslTrust": "{ssltrust}",
    "endpointAttributes": [
     {
      "key": "company",
      "value": "VMware, Inc"
     },
     {
      "key": "adminEmail",
      "value": "noreply@vmware.com"
     }
    ],
    "endpointType": {
     "protocol": "http",
     "type": "com.vmware.applmgmt"
    },
    "url": "https://{pnid}:443/applmgmt/RPC2"
   }
  ],
  "nodeId": "{lduid}",
  "siteId": "{siteid}",
  "serviceDescriptionDefault": "",
  "serviceType": {
   "product": "com.vmware.applmgmt",
   "type": "applmgmt"
  },
  "vendorNameDefault": ""
 },
 {
  "vendorNameResourceKey": "",
  "serviceNameResourceKey": "cis.vsphere-client.ServiceName",
  "serviceId": "{serviceid}",
  "serviceNameDefault": "",
  "serviceDescriptionResourceKey": "cis.vsphere-client.ServiceDescription",
  "serviceAttributes": [
   {
    "key": "com.vmware.cis.cm.GroupInternalId",
    "value": "com.vmware.vsphereclient"
   },
   {
    "key": "com.vmware.cis.cm.GroupResourceKey",
    "value": "com.vmware.vsphereclient.servicegroupresourcekey"
   },
   {
    "key": "com.vmware.cis.cm.HostId",
    "value": "{machineid}"
   }
  ],
  "vendorProductInfoResourceKey": "",
  "vendorProductInfoDefault": "",
  "ownerId": "vsphere-webclient-{machineid}@{domain_name}",
  "serviceVersion": "6.5.0",
  "serviceEndpoints": [
   {
    "sslTrust": "{ssltrust}",
    "endpointAttributes": [
     {
      "key": "cis.common.ep.localurl",
      "value": "http://localhost:9090/vsphere-client/healthstatus"
     }
    ],
    "endpointType": {
     "protocol": "rest",
     "type": "com.vmware.cis.common.healthstatus"
    },
    "url": "https://{pnid}:443/vsphere-client/healthstatus"
   },
   {
    "sslTrust": "{ssltrust}",
    "endpointAttributes": [
     {
      "key": "cis.common.ep.localurl",
      "value": "http://localhost:9090/vsphere-client"
     }
    ],
    "endpointType": {
     "protocol": "http",
     "type": "com.vmware.cis.client"
    },
    "url": "https://{pnid}:443/vsphere-client"
   },
   {
    "sslTrust": "{ssltrust}",
    "endpointAttributes": [
     {
      "key": "com.vmware.suite.ui.menuOrder",
      "value": "1"
     },
     {
      "key": "cis.common.ep.localurl",
      "value": "http://localhost:9090/vsphere-client/"
     },
     {
      "key": "com.vmware.suite.ui.hostedPath",
      "value": "/vsphere-client/?location=suite"
     },
     {
      "key": "com.vmware.suite.ui.applicationId",
      "value": "vsphere-client"
     },
     {
      "key": "com.vmware.suite.ui.hostedIconDirectory",
      "value": "/vsphere-client/assets/suiteui/"
     },
     {
      "key": "com.vmware.suite.ui.menuLabel",
      "value": "com.vmware.vsphereclient.suiteui.menulabel"
     }
    ],
    "endpointType": {
     "protocol": "suite",
     "type": "com.vmware.suite.ui.vsphere"
    },
    "url": "https://{pnid}:443/vsphere-client/"
   },
   {
    "sslTrust": "{ssltrust}",
    "endpointAttributes": [
     {
      "key": "cis.common.ep.localurl",
      "value": "http://localhost:9090/vsphere-client/resourcebundle"
     },
     {
      "key": "com.vmware.cis.common.resourcebundle.basename",
      "value": "cis.vsphereclient.ResourceBundle"
     },
     {
      "key": "com.vmware.cis.common.resourcebundle.version",
      "value": "60500000"
     }
    ],
    "endpointType": {
     "protocol": "rest",
     "type": "com.vmware.cis.common.resourcebundle"
    },
    "url": "https://{pnid}:443/vsphere-client/resourcebundle"
   }
  ],
  "nodeId": "{lduid}",
  "siteId": "{siteid}",
  "serviceDescriptionDefault": "",
  "serviceType": {
   "product": "com.vmware.cis",
   "type": "vsphereclient"
  },
  "vendorNameDefault": ""
 },
 {
  "vendorNameResourceKey": "",
  "serviceNameResourceKey": "AboutInfo.vpx.name",
  "serviceId": "{vcserviceid}",
  "serviceNameDefault": "",
  "serviceDescriptionResourceKey": "AboutInfo.vpx.name",
  "serviceAttributes": [
   {
    "key": "com.vmware.cis.cm.GroupInternalId",
    "value": "com.vmware.vim.vcenter"
   },
   {
    "key": "com.vmware.cis.cm.ControlScript",
    "value": "service-control-default-vmon"
   },
   {
    "key": "com.vmware.vim.vcenter.instanceName",
    "value": "{pnid}"
   },
   {
    "key": "com.vmware.cis.cm.HostId",
    "value": "{machineid}"
   }
  ],
  "vendorProductInfoResourceKey": "",
  "vendorProductInfoDefault": "",
  "ownerId": "vpxd-{machineid}@{domain_name}",
  "serviceVersion": "6.7",
  "serviceEndpoints": [
   {
    "sslTrust": "{ssltrust}",
    "endpointAttributes": [
     {
      "key": "cis.common.ep.localurl",
      "value": "http://localhost:8085/sdk"
     }
    ],
    "endpointType": {
     "protocol": "vmomi",
     "type": "com.vmware.vim"
    },
    "url": "https://{pnid}:443/sdk"
   },
   {
    "sslTrust": "{ssltrust}",
    "endpointAttributes": [
     {
      "key": "cis.common.ep.localurl",
      "value": "http://localhost:8085/sdk"
     }
    ],
    "endpointType": {
     "protocol": "vmomi",
     "type": "com.vmware.cdc.provider"
    },
    "url": "https://{pnid}:443/sdk"
   },
   {
    "sslTrust": "{ssltrust}",
    "endpointAttributes": [
     {
      "key": "cis.common.ep.localurl",
      "value": "http://localhost:8093/vcenter"
     },
     {
      "key": "com.vmware.vapi.metadata.authentication.remote",
      "value": "http://localhost:8093/vcenter"
     },
     {
      "key": "com.vmware.vapi.metadata.metamodel.remote",
      "value": "http://localhost:8093/vcenter"
     },
     {
      "key": "com.vmware.vapi.metadata.cli.remote",
      "value": "http://localhost:8093/vcenter"
     }
    ],
    "endpointType": {
     "protocol": "vapi.json.https",
     "type": "com.vmware.vapi.vcenter"
    },
    "url": "https://{pnid}:443/vcenter"
   },
   {
    "sslTrust": "{ssltrust}",
    "endpointAttributes": [
     {
      "key": "com.vmware.cis.common.resourcebundle.basename",
      "value": "cis.vc.ResourceBundle:cis.vc.vapi.provider.ResourceBundle:cis.vc.vapi.vmomi.ResourceBundle:cis.vc.hostprofiles.ResourceBundle:cis.vc.hostdiag.ResourceBundle:cis.vc.VirtualCenter.ResourceBundle"
     }
    ],
    "endpointType": {
     "protocol": "http",
     "type": "com.vmware.cis.common.resourcebundle"
    },
    "url": "https://{pnid}:443/catalog/catalog.zip"
   },
   {
    "sslTrust": "{ssltrust}",
    "endpointAttributes": [
     {
      "key": "cis.common.ep.localurl",
      "value": "http://localhost:8085/sdk"
     }
    ],
    "endpointType": {
     "protocol": "vmomi",
     "type": "com.vmware.cis.data.provider"
    },
    "url": "https://{pnid}:443/sdk"
   },
   {
    "sslTrust": "{ssltrust}",
    "endpointAttributes": [
     {
      "key": "cis.common.ep.localurl",
      "value": "http://localhost:8085/sdkTunnel"
     }
    ],
    "endpointType": {
     "protocol": "vmomi",
     "type": "com.vmware.vim.extension"
    },
    "url": "https://{pnid}:443/sdkTunnel"
   }
  ],
  "nodeId": "{lduid}",
  "siteId": "{siteid}",
  "serviceDescriptionDefault": "",
  "serviceType": {
   "product": "com.vmware.cis",
   "type": "vcenterserver"
  },
  "vendorNameDefault": ""
 }
]